pathway	Ship-Ballast-100-02-01-17-SA-2-tank-6-uptake-3	Ship-Ballast-101-02-01-17-SA-2-tank-2-uptake-1	Ship-Ballast-102-02-01-17-SA-2-tank-2-uptake-2	Ship-Ballast-103-02-01-17-SA-2-tank-2-uptake-3	Ship-Ballast-110-02-05-17-SA-2-Dis6-1	Ship-Ballast-111-02-05-17-SA-2-Dis6-2	Ship-Ballast-112-02-05-17-SA-2-Dis6-3	Ship-Ballast-113-02-05-17-SA-2-Dis2B-1	Ship-Ballast-114-02-05-17-SA-2-Dis2B-2	Ship-Ballast-115-02-05-17-SA-2-Dis2B-3	Ship-Ballast-80-10-18-16-SA-1-UP-5-1	Ship-Ballast-81-10-18-16-SA-1-UP-5-2	Ship-Ballast-82-10-18-16-SA-1-UP-5-3	Ship-Ballast-83-10-17-16-SA-1-UP-6-1	Ship-Ballast-84-10-17-16-SA-1-UP-6-2	Ship-Ballast-85-10-17-16-SA-1-UP-6-3	Ship-Ballast-86-10-20-16-EX-Dis-5-1	Ship-Ballast-87-10-20-16-EX-Dis-5-2	Ship-Ballast-88-10-20-16-EX-Dis-5-3	Ship-Ballast-89-10-20-16-EX-UP-5-1	Ship-Ballast-90-10-20-16-EX-UP-5-2	Ship-Ballast-91-10-20-16-EX-UP-5-3	Ship-Ballast-92-10-23-16-SA-1-Dis-6-1	Ship-Ballast-93-10-23-16-SA-1-Dis-6-2	Ship-Ballast-94-10-23-16-SA-1-Dis-6-3	Ship-Ballast-95-10-23-16-SA-1-Dis-5-1	Ship-Ballast-96-10-23-16-SA-1-Dis-5-2	Ship-Ballast-97-10-23-16-SA-1-Dis-5-3	Ship-Ballast-98-02-01-17-SA-2-tank-6-uptake-1	Ship-Ballast-99-02-01-17-SA-2-tank-6-uptake-2
1CMET2-PWY	3278.0045080107047	1996.4450627975223	1748.7360012975741	1668.7993565431048	7820.801303718327	5852.077714583812	7108.84006190181	6965.657399083791	8205.680894704199	4729.166770978487	4614.36766696069	3858.946981515317	3697.7750138985866	5102.076040329994	6074.199770152596	5755.285295277619	3967.073108786447	4415.689325057945	5308.137272676466	10572.034268126861	11052.480919462076	9089.548617765851	9331.198864479244	7914.136594190252	7200.333937700536	3568.661769491348	4422.4775965543	2852.937540350202	1911.7854117647316	1535.9015844405462
3-HYDROXYPHENYLACETATE-DEGRADATION-PWY	192.88409056953617	67.81850357719573	88.7869744938169	75.38238339143976	292.7278695990185	184.0465249728739	217.0180885253172	132.3993318878177	183.30039455781278	173.30301638701772	612.5720747415597	407.29816321378456	437.06390682823366	18.377859051506405	28.564666982781993	26.37281957893081	176.25256419775044	122.7036615304212	261.48507582498746	0.0	45.93380184364396	25.99962577589097	0.0	0.0	0.0	0.0	0.0	0.0	112.90033128014994	114.39484151927758
AEROBACTINSYN-PWY	0.0	2.6285714285714286	0.0	0.0	0.0	0.0	0.0	0.0	0.0	0.0	0.0	0.0	0.0	0.0	0.0	0.0	0.0	0.0	0.0	29.9722155060808	33.76894485180634	9.599202012288945	0.0	0.0	0.0	0.0	0.0	0.0	1.7617332284084206	0.0
ALL-CHORISMATE-PWY	244.03402948447015	392.1478436738827	226.2065304761007	375.4214995218466	0.0	0.0	0.0	0.0	0.0	89.0245600489814	2447.505761236048	2090.175045061165	2035.452688313801	1290.3417288111914	1482.9199310260972	1039.5198525192793	0.0	0.0	0.0	3169.613393589505	3193.5864870420687	2761.110479882671	0.0	0.0	0.0	0.0	0.0	0.0	221.78723569531994	196.33012486643872
ANAEROFRUCAT-PWY	2706.4689811265357	1472.908574380797	1366.508242150477	1295.2539220022184	3516.690173637754	2587.5381156743742	3228.7354555567254	3973.6810153099123	4690.761718782515	2678.1211169349644	2133.6639191801455	1690.1366075020078	1636.6004797224875	385.0910687487721	335.6678544464849	287.4290143282795	1124.6841225143985	1033.869486230839	1316.8729405978604	2243.5497959413965	1500.9005274594192	1225.7142618592763	544.4348416343013	250.552930995684	291.87308437472666	309.27279107980513	280.3987845667107	243.8115174223325	1490.4749296918208	1106.217591044122
ANAGLYCOLYSIS-PWY	3421.944580947166	2090.9525234492635	1892.1927991749992	1785.7086941805792	5325.365958250946	3768.1833716700753	5178.430314847796	6018.700493880707	7135.274543970529	4051.3509651596682	4512.453800084787	3807.545273000826	3650.945434877682	5127.31254543521	6078.658040644632	5875.034941566629	1459.7829159757728	1256.2200635161237	1730.8193197500098	7944.2155721021945	8425.517679459772	7169.696933522892	5811.910539063269	4779.071258033722	4727.298510796379	2856.0351656274015	3537.6288964961786	2216.8327056192593	2011.0693579251626	1564.3237198869174
ARG+POLYAMINE-SYN	1411.664778751829	765.4762535556305	617.8618624950585	645.8723085608972	1967.2336459764422	1487.7339656063314	1837.1939546235274	2151.529536880743	2448.955336801317	1522.2110286847605	2166.043452452933	1841.8350931673117	1782.932867617201	1325.2312810656372	1479.434918721701	1175.143063734027	1017.8557034675528	1088.2690724720485	1487.1109482415254	4836.568854004644	4594.266551112106	4251.308850726816	5043.726708313437	4195.928499364669	4017.864922111591	2534.3092563606842	3128.5084571218617	1940.4170284898041	794.8067388962434	620.9499316641919
ARGDEG-PWY	0.0	4.653098576344452	0.0	0.0	0.0	0.0	0.0	0.0	0.0	0.0	315.2617030432708	269.80492405943096	272.7999591002939	122.11962098596499	160.52128568132298	0.0	184.6837374519356	496.3379231443121	589.105523297974	0.0	0.0	0.0	168.30275723879697	237.82510342330735	0.0	0.0	0.0	0.0	3.097629088895823	0.0
ARGORNPROST-PWY	49.94396576751741	72.25965634084865	105.16088742149806	23.16072986513506	5517.221546439474	4228.791567403826	4788.673933009263	3793.599189021815	4413.343668023902	2569.100757800366	1288.8476330904693	967.5723117636097	994.7059833186132	178.16176893072796	335.5277281274946	212.94705177426258	934.1530311695623	988.9467386595846	1363.3471776050426	2981.8779295333425	3480.755414967212	2634.840971531744	3247.75658434561	2719.3306302296965	2323.2457405628834	1477.1869894663453	1763.1688719608483	1227.6185275884911	20.681895761207137	23.01244850613211
ARGSYN-PWY	2866.8646517486836	1644.5581512281522	1540.7930145293658	1418.4110243121581	8275.78178993471	6256.823419575158	7434.813037721863	6741.941721963851	7876.712355565109	4541.930198504602	4043.0454891749246	3405.6934825220624	3285.1960514709544	5291.815938360863	6290.520541318863	6053.590496221521	3545.951543705163	3994.5829313724603	4822.791618369502	10587.007825134684	10924.714318126826	8970.727867692265	9176.57715241468	7766.827117608866	6996.797489937023	3590.5770065196634	4429.072133496465	2884.4178027933	1704.4000294617476	1272.7848755117857
ARGSYNBSUB-PWY	3051.336570257546	1814.4253840467618	1532.53475450911	1562.7086737776433	8802.521323418418	6667.77267896672	7897.795818258958	7186.350856648058	8396.366552806801	4842.063266856298	4033.2155282595786	3424.9758398136214	3306.966051544866	5351.637592607847	6359.37174069543	6095.493850333858	3914.5163169128905	4423.029122476579	5327.220528138006	11685.483269182612	12073.552786869626	9917.500860416641	10013.048308767886	8461.362390358763	7700.7419717207495	3800.8299429670187	4686.765656856928	3042.8917273586426	1751.943266753603	1389.7669644160637
ARO-PWY	3362.0840084856463	2047.8487408345607	1777.4396961589168	1734.56600448071	7991.765242779122	5999.044769049808	7224.5746378951535	6896.846874007835	8099.865481085548	4670.317782543808	4678.400230985638	3939.485876224548	3782.810333261121	5231.233645203933	6205.047552026529	5941.016116353096	4163.041756597019	4629.2390263789	5557.670316998026	10174.045577173187	10462.465086658807	8566.149884577953	9261.350251509586	7871.775356950066	7135.413638134915	3570.558130046521	4429.966353453052	2871.2561757879716	1971.0667536358903	1541.3835092957831
ASPASN-PWY	544.4972342115907	294.6901756849454	400.7654593626079	193.37519319620262	3518.4756448514913	2393.5127076148683	3498.236425278046	3909.5418459191606	4606.940054233425	2711.1088884977057	3106.815947350468	2619.3404820807464	2587.3531436417425	4894.713122304701	5828.6832451766495	5702.657381733735	1317.823399239848	1353.860328144325	1731.142758869694	6974.4454384562705	7277.195479684349	5890.751678660815	3948.4916221808317	3272.929776346804	3190.7303113480734	2146.4069141677483	2655.594012623128	1634.5446993630228	418.09942590150206	280.8938380825777
AST-PWY	80.93663948476491	65.25682669998214	0.0	0.0	5707.8697814933175	4379.843433217723	5068.0275520002415	4255.845356289327	4946.75259036043	2905.3735396196907	2188.583257208847	1829.2445491485566	1817.138215682089	4192.246804570093	5039.161046948145	4907.305940098434	3216.2960544562466	3656.793459262116	4338.7343391373815	3195.4664143140053	3224.1207568792006	2989.900092833401	8146.798866916278	6938.712810365274	6353.789511931693	2956.091108094362	3662.411725866854	2385.266740009896	37.739003467557275	31.017402503054523
BIOTIN-BIOSYNTHESIS-PWY	2531.1507782528083	1406.1774961243018	1274.0929013821365	1232.3116770295997	8803.004084429032	6626.285879199311	7984.937002887087	7678.171547785972	8985.759460943758	5194.236004060637	4678.693325935423	3924.186569260072	3800.8286303040422	6425.312729379605	7642.070869644382	7427.225562753222	4555.866303196214	5062.684290696382	6051.790250751406	12632.590111013435	13181.10156986977	10923.440235127366	10111.98696276455	8606.604717486147	7854.296561562373	4176.270870349859	5186.883025225522	3337.883890833233	1431.4060151809176	1054.1007646344617
BRANCHED-CHAIN-AA-SYN-PWY	4942.05037319929	2924.101028756648	2607.8549038333545	2430.227506123739	8759.931500936626	6514.108062738801	7993.132849338247	7984.921777618859	9454.253069867244	5447.983202907598	5640.306222277756	4736.980211287302	4534.572921916961	5945.526350357889	7049.014387195992	6759.530782164546	4297.197218641649	4722.661505128089	5688.798411683919	11363.861715431081	11650.976223298776	9499.62878252375	9368.426546179571	7941.206791905935	7233.455943760269	4074.5847905843316	5035.86520237314	3244.83069987112	2901.0086632847056	2261.3618664959326
CALVIN-PWY	3615.9720918934145	2166.8038959293763	1956.683174549561	1884.1823384016973	6816.628185014927	5091.360434796719	6285.6175383057425	6378.705739838189	7494.1866075222415	4282.891770918105	5317.550225238757	4471.611328165603	4314.91972871902	6727.495320484957	8014.607359904728	7784.499911922542	3364.52628498368	3695.3223276633335	4443.420804712338	11261.611526906312	11621.536353448582	9529.81412763837	7601.909125990282	6430.729801625721	5909.48139874811	2936.3479480003175	3620.768847598695	2328.7639688311338	2078.900526774607	1635.8837128615885
CATECHOL-ORTHO-CLEAVAGE-PWY	238.83753116570495	172.32374413045972	88.37623841763995	115.77314369037374	988.1846469843163	750.3233645855173	773.1696346588384	519.9548327058226	732.6284841974332	524.2446486895656	534.0594048059611	387.5260723385553	413.9943186762837	120.26698357277252	120.47857948139796	152.9696061237306	1064.108757630229	1016.9464489000212	1471.5844325658632	25.34175048148941	16.457825990701792	12.484375	746.6561135947852	684.5463146118686	512.8279856626984	253.99347454612544	274.79995142287623	189.78415950809887	121.09340188517567	123.69400465432321
CENTFERM-PWY	158.9122259748829	125.88322786882576	135.16750979336985	121.09314065685057	0.0	0.0	0.0	0.0	0.0	0.0	0.0	0.0	10.356789032416774	0.0	0.0	0.0	0.0	0.0	0.0	0.0	0.0	0.0	0.0	0.0	0.0	0.0	0.0	0.0	48.66467591341644	66.9942837320045
CHLOROPHYLL-SYN	0.0	50.49554132407715	34.039233077264	132.8924080458661	75.36579766323351	39.99256619762848	47.5566754495818	0.0	0.0	22.200472560865165	122.32521205961974	125.67564472858172	58.7807677239387	0.0	9.40238426732213	10.349538433965048	0.0	0.0	0.0	68.9836080180229	109.11938301545212	23.719144118393686	0.0	0.0	0.0	0.0	0.0	0.0	0.0	0.0
COA-PWY	3198.7843214308955	1984.07372477966	1720.3676570110595	1642.5040684988671	6585.197569576968	4932.790878307915	6029.870540794232	6054.440660365862	7117.946499835834	4088.5024328595787	4116.272639512944	3500.306791964824	3317.3446513764616	4602.756739479916	5466.804260692702	5241.30828287203	3266.2180864730485	3643.8438728751935	4371.059509838457	9229.690652740353	9514.320451101681	7804.1169972658245	7505.945172449622	6367.258796491415	5790.41	2899.0	3581.87	2303.5	1885.1904309615143	1484.1575729215251
COBALSYN-PWY	1616.9421128614558	770.870288631647	674.3797772687074	674.061938823838	6375.051608174209	4776.927362356351	5833.577040318633	5632.49716794628	6639.300745206753	3788.6700204276253	2299.4669245875352	1834.0921787838631	1742.944799944164	857.0041181957107	902.7093613057688	724.4419406873045	3114.7070404832184	3495.390227674388	4150.957909326788	8609.939083394094	9020.715945016482	7423.57068649409	4918.418177941263	4322.705773069956	3579.6136074609294	2627.166785656826	3326.8854604594103	2168.835929301866	850.5836351667848	700.6065991322456
CODH-PWY	72.38856381713525	15.356233968716996	15.228125188445997	0.0	0.0	0.0	0.0	0.0	0.0	0.0	0.0	0.0	0.0	0.0	0.0	0.0	0.0	0.0	0.0	0.0	0.0	0.0	0.0	0.0	0.0	0.0	0.0	0.0	0.0	0.0
COLANSYN-PWY	2528.114181976052	1516.4049398250186	1319.5358793948722	1316.1602638123147	4966.988264516076	3535.443782080456	4553.673312604052	4914.061467801093	5860.0762287005855	3349.8889197884178	2769.148422511551	2368.880340793321	2232.6433786138505	1245.020115115157	1301.3880805694682	1103.894656419256	1637.9318459796011	1596.561356893512	2013.3567526022834	10073.694975954835	10405.210295287337	8322.161717657164	683.1737052219313	531.569513022088	493.93093260325094	1121.491213381576	1235.4768102299156	822.736497417457	1464.868528425311	1182.4484320574018
COMPLETE-ARO-PWY	3568.1489581022543	2172.166354943258	1889.26835971771	1841.2991630270662	8385.7163337287	6294.036129984573	7589.04579828565	7271.824246340533	8540.620153114192	4921.81975079217	4944.510742247203	4165.582035130288	3998.0932350486532	5529.767840995057	6560.446489473027	6281.002454369742	4359.13231829391	4849.700175106776	5821.0269087279075	10851.555385964972	11163.654377228191	9143.984641399942	9727.038090465416	8266.409118557456	7494.729709041165	3802.237290259881	4717.170626688967	3055.0946127282164	2093.057884055598	1637.5218218218918
CRNFORCAT-PWY	218.32288168747462	47.669646273304316	71.06883843284808	159.0641668411681	0.0	0.0	0.0	0.0	0.0	0.0	60.554817015952466	159.51828263481045	75.37411279973655	0.0	29.13729407899589	0.0	119.28809134186832	86.11009527692647	102.5236971500684	432.67259991050355	289.67283782747035	232.46156021349546	16.278084377031284	10.586620472809212	34.14271432420568	121.7294463143497	103.51463152408358	63.89201005940577	125.5379785096264	137.8652490255199
DAPLYSINESYN-PWY	3097.989548006827	1806.1478556611478	1540.7109776090049	1487.3820351512938	7578.123721438759	5654.556023246609	6935.380863238809	6956.06612489516	8191.5754266166705	4712.2756790427975	4577.999275087801	3858.7473100119114	3688.091077587566	5629.00201121033	6679.068818528936	6434.4747991664935	3724.0160667901187	4094.0470429130824	4938.805751718827	11805.16632722942	12198.451041297949	10167.236485153868	9046.961722173477	7648.803359156517	7069.215367323836	4075.4515540753578	5030.424207992464	3225.8546903931833	1787.2668340755167	1397.1899522208034
DENITRIFICATION-PWY	665.6907636779453	362.17709421899883	308.7538964245547	333.99526324810495	31.851223050130535	29.209980172750914	30.960928883592395	0.0	0.0	0.0	220.15354274992814	242.53119666830406	179.07844054738982	135.14971743802843	93.15374364614136	116.12850666544689	240.60317319017304	242.37637726291865	380.0740788010623	208.0750759188016	276.7755484631883	235.0808406198317	547.5147663829548	487.7640548053309	408.54378557193667	94.06952841596132	87.75283018867924	56.091170825335894	444.87001072907157	299.5711282086483
DENOVOPURINE2-PWY	2406.116965490036	1380.9283003263938	1183.1810872105907	1185.792614421569	2738.133666040802	2169.8771916442383	2647.590458204042	2572.5420583436403	2799.8237534268033	1831.8545249002382	3746.1708855705465	3171.7427359415487	3112.5248685229826	5037.217852139335	6004.781659444503	5788.494498089914	1958.7123461116641	2071.1617322073394	2818.9266223475224	9392.393053199685	9714.14756651442	7925.197626683728	7342.3274200876585	6180.698315252269	5767.380344701577	1955.920383823264	2218.506937962267	1338.1600561546263	1398.9418690376895	1042.4075784111246
DHGLUCONATE-PYR-CAT-PWY	68.44186931765887	0.0	0.0	0.0	773.8299797820906	603.6745239981869	625.6464812677807	596.5164601916242	753.4660185139729	432.54915142940314	30.591599015086725	0.0	0.0	131.61158619090068	165.4676431204248	0.0	0.0	196.9090516472454	215.52936344834035	0.0	0.0	0.0	345.574194366837	348.67638002451685	0.0	148.13912183407288	179.05949655351878	123.10285291457699	0.0	0.0
DTDPRHAMSYN-PWY	3586.65015570703	2119.000945101142	1962.8848840687517	1729.5301705873787	7978.972299555597	5907.196574621545	7441.317438560176	7714.090957797137	9101.435505514983	5204.437636592302	4798.479091348525	4016.884894416742	3845.147245003509	4905.041739898344	5766.559863463158	5505.7002071822435	3645.1948988119448	4044.5716791635646	4907.2805002610785	7830.578449257786	8053.885537654826	6552.228365409016	8911.91188284786	7543.564507158315	6930.156035965691	2204.8191308920736	2688.827085682312	1719.3796766579078	2119.115274974939	1611.3997446816784
ECASYN-PWY	0.0	4.2512216436379076	0.0	0.0	0.0	0.0	0.0	0.0	0.0	0.0	112.98287828673335	0.0	0.0	0.0	0.0	0.0	75.24061219234127	94.87118627232458	77.66932331482172	0.0	0.0	0.0	48.83149607818829	36.7902448657711	0.0	80.40366753442439	69.17961430598855	71.8370131621126	2.825657072358218	0.0
ENTBACSYN-PWY	102.06578981752216	111.56195800731292	79.33291667754247	128.65075050481622	203.09777541417552	203.3407100530573	265.0989400120402	140.77568084089896	178.8420474906838	103.84041956416333	862.9329192569214	789.9667468377688	683.2877156107061	131.63673617905755	149.28565888091308	96.29759098429462	0.0	0.0	0.0	3281.9690278979483	3300.763840024143	3094.683872807026	0.0	0.0	0.0	0.0	0.0	0.0	70.54705380544867	57.080753237010484
FAO-PWY	4266.976083187965	2297.154999835486	2013.9382799222974	1855.0220657891832	13842.16873244724	10465.49858860692	12347.8300050094	11544.47375606862	13531.852484275534	7864.642264686116	6774.89251732925	5586.907631472525	5484.961543724755	9241.03028562854	11014.159714865878	10803.003566025793	7358.320424280343	7992.2114231102305	9680.278680109519	17638.249049181533	18534.940438194124	15180.547007191317	16685.19685130763	14194.839267962361	12998.53040165911	6006.429462173596	7432.52797497973	4815.433891186562	2393.266641606079	1876.3141899394302
FASYN-ELONG-PWY	4829.8136811295435	2754.5080441029336	2510.1655579206226	2455.9251483691055	13186.795863006557	9858.212380343251	12072.880799956874	11716.484896341377	13646.57983403351	7962.31614587542	7568.613247843501	6428.364770054837	6156.426455516178	9819.64171362309	11628.329882349495	11263.593383394873	6560.789753244723	7236.992875761919	8707.876203758166	19335.78506855839	19973.604699754836	16546.486576493564	13945.942704106197	11878.615803792574	10786.58470104208	6484.971096806211	8066.630777034235	5204.058026365148	2767.0915940726068	2213.9359573552315
FASYN-INITIAL-PWY	3170.1919304393136	1674.8350189037774	1645.3882426256123	1593.3835242091575	10815.439100918064	8136.119457791289	9904.283719338262	9923.624709572921	11649.117730538052	6712.895983536954	6000.582767070694	5096.230459823973	4818.85170526178	7011.782392255113	8308.909660791527	7905.705921240991	5294.347989031555	5949.834583950734	7201.940904598397	13260.474070322914	13742.797049874729	11359.710056552889	11998.288610840049	10269.94093069668	9084.90073174633	4680.533914911234	5794.058666041846	3748.9104160144916	1883.2916948668183	1388.3213204114613
FERMENTATION-PWY	2165.072495271987	1382.2954281442035	1239.9854446396741	1180.2259273168395	7719.8420368961415	5787.8440806782855	7032.022716305694	6745.194353040149	7960.29308822855	4599.585602898848	4240.154525034334	3522.412410863175	3417.1553822375176	6532.882573825066	7832.063757022415	7582.056591052025	3725.9697168213465	4191.08500392243	5014.898462177427	9670.079239095203	10116.24231887762	8208.33430677141	8721.476115593072	7431.266795406635	6717.96978246987	3165.227779754972	3928.246120160315	2556.5074151420085	1307.8544208123756	1032.8057832768402
FOLSYN-PWY	3130.0130844535165	1900.0949324079422	1676.4352447169122	1590.7536239241892	7844.3462005762285	5899.262150673238	7098.741071298493	6881.534350609972	8089.280617658402	4649.835650300732	4579.276015523297	3852.1136818558116	3698.4849582168877	5598.671239290208	6658.131647813435	6452.554781329744	4016.3934462421566	4431.088192291245	5321.426913069726	11369.725671193188	11777.78665312026	9686.702553177063	9286.427028731096	7862.521369010532	7246.664483608069	3554.9116596744966	4398.775544827249	2830.431515886515	1795.3634882760607	1426.0110973035328
FUC-RHAMCAT-PWY	0.0	9.190570807837233	0.0	0.0	0.0	0.0	0.0	0.0	0.0	0.0	0.0	0.0	0.0	0.0	0.0	0.0	0.0	0.0	0.0	0.0	0.0	0.0	0.0	0.0	0.0	0.0	0.0	0.0	4.292612138354423	0.0
FUCCAT-PWY	5.943630407645303	52.51956042662962	24.000271988042364	64.08511779695114	0.0	0.0	0.0	0.0	0.0	0.0	24.90566457593854	24.742909846680607	22.39063569641766	0.0	0.0	0.0	0.0	0.0	0.0	42.840883223059905	41.96043956043956	0.0	0.0	0.0	0.0	0.0	0.0	0.0	10.409346581244492	24.195020636803623
GALACT-GLUCUROCAT-PWY	817.6571162136621	464.2032053623681	435.6024122693309	410.6060823604685	1189.8241199914687	727.4742192142128	1274.1263247733998	1820.6836392294515	2209.05583043684	1262.4922891230433	1224.1771059648129	1022.2520294967366	944.189135309128	420.997396895084	423.34218558247255	361.7355048211489	74.4086348795616	82.24799591307529	80.10077453692455	18.407450960298753	17.79645268880948	0.0	76.87642852203369	33.64309169080079	21.34814161434399	0.0	0.0	0.0	485.7086658294207	380.1724379570825
GALACTARDEG-PWY	404.97064590096767	231.11333996665815	210.0528948465358	196.83705377096314	0.0	0.0	0.0	0.0	0.0	0.0	61.400176654424044	52.27370561798821	59.18626326344335	19.967652425495714	0.0	11.458907897847183	9.952081996869687	0.0	10.959996831218714	28.08710613639444	26.415835739054543	26.47775810504753	0.0	7.982345681109275	0.0	0.0	0.0	0.0	234.89406371432517	151.82595773428284
GALACTUROCAT-PWY	1485.4566590478998	930.9550899964711	901.0789650329148	847.4028833470074	1375.7976867228224	858.0467941931447	1455.1556631586552	2021.9794450008692	2435.3675782643854	1398.2851741444588	1502.2951511070853	1291.1552212786044	1171.396068833735	476.00575923751165	488.611772515288	405.54544511944283	143.84477450404933	153.65401709633392	154.82983265583044	447.61312527166564	383.81587725455967	134.19874296613318	291.8853161411667	226.8193662008262	215.79940676886577	91.17857549541617	73.67891468007866	69.40136690862708	918.7108069995802	693.6971572380382
GALLATE-DEGRADATION-I-PWY	498.6351389907121	264.89440028883683	225.73012460112446	188.06929033512807	522.6033952094809	389.57760050577633	373.2700162873981	246.30314017798628	350.6061011969712	251.33132034037882	353.5743368291178	227.7315615304177	230.81428571428575	0.0	12.790697674418606	0.0	196.67000000000002	161.0	212.42000000000002	8.75	11.280000000000001	11.0	35.99767424049017	0.0	16.0	98.99999999999999	125.79545454545453	90.0	255.4971877190206	203.85203045685276
GALLATE-DEGRADATION-II-PWY	206.90736369211317	71.20972417379754	69.06004252721328	64.62997689948621	594.7079893102521	440.83139066531135	430.8663793432778	250.71226175195565	372.116501821516	283.44735186049815	45.11701499586728	0.0	22.90284094264958	0.0	12.790697674418606	0.0	37.947994670832	32.37988826815643	44.33440148416748	8.75	11.280000000000001	11.0	34.50312469783143	0.0	16.0	98.99999999999999	125.79545454545453	90.0	85.2496695956854	80.20794606563877
GLCMANNANAUT-PWY	139.1356598400924	70.75303704345527	34.445964247617624	14.512523676892481	0.0	0.0	0.0	0.0	0.0	0.0	45.185004381025514	0.0	10.778866454501781	0.0	9.203762378116197	0.0	0.0	0.0	0.0	31.03893473773982	18.66061135580441	0.0	0.0	0.0	0.0	0.0	0.0	0.0	102.69776003782191	93.73573986071975
GLUCARDEG-PWY	425.2635535878783	231.63193336584698	215.94899590154122	213.5088369568928	0.0	0.0	0.0	0.0	0.0	0.0	61.8820227066039	52.81565234887078	60.07196072537077	19.822078044524048	0.0	11.632138415012767	9.962205735011182	0.0	10.964429556692295	28.08710613639444	26.415835739054543	26.47775810504753	0.0	7.979373364214015	0.0	0.0	0.0	0.0	240.82109409449978	145.47037517292608
GLUCARGALACTSUPER-PWY	404.97064590096767	231.11333996665815	210.0528948465358	196.83705377096314	0.0	0.0	0.0	0.0	0.0	0.0	61.400176654424044	52.27370561798821	59.18626326344335	19.967652425495714	0.0	11.458907897847183	9.952081996869687	0.0	10.959996831218714	28.08710613639444	26.415835739054543	26.47775810504753	0.0	7.982345681109275	0.0	0.0	0.0	0.0	234.89406371432517	151.82595773428284
GLUCONEO-PWY	3311.2570368769093	1959.76335430454	1769.8628048385335	1661.118204272292	6918.850542987931	5192.471022906155	6282.91519104953	6231.102721587125	7317.286346693356	4203.627279855289	4650.762433550801	3937.5088678033217	3761.9948207494167	6055.019485320553	7221.078420751978	7012.235302595658	3532.4327540726113	3890.2857273731806	4692.5764077917665	11252.659830059467	11727.425351994129	9595.891549386617	8111.231560901272	6866.739485022281	6307.265442940233	3210.495005767247	3973.2087083709744	2546.3238571828647	1917.2133571060942	1509.709436487766
GLUCOSE1PMETAB-PWY	722.1529640314119	407.8192688686902	298.1448488140503	348.1267264470598	7010.412349898188	5394.8129241563	6237.164620016651	5316.707292743547	6176.223916836248	3574.9203386409044	2489.618295142496	2054.8087430671035	2053.902664216446	4318.096437269862	5122.911008096165	4984.432371630546	3396.872685019427	3843.3865465073272	4627.548948309381	8681.23108006329	9011.049910996662	7482.276001618043	8857.585696235421	7548.4806475306605	6849.9863464767095	3256.2571279684357	4060.4430082948916	2634.4156819639097	378.67735537190083	320.99639983851245
GLUCUROCAT-PWY	736.5921515590873	407.04364190671436	372.35800496203535	362.3394330485608	1308.5517243603206	803.1109000623853	1396.093375491346	2010.1252359274943	2442.608483914953	1393.825363152097	1268.1421863557348	1043.4600584675682	969.137328878784	452.10945799344313	446.22310655666746	386.72420668166586	68.40323883030909	78.59567098729194	71.6872189383761	20.48474636031663	31.55558612796801	52.71292177183844	120.14145616161127	33.05246141115168	44.09120644071701	0.0	10.781078819813779	0.0	432.8105605275292	345.43856491569346
GLUTORN-PWY	3209.7162066563	1940.7103696943905	1704.449222399987	1660.551804710428	7787.402300051304	5861.383839882991	7017.572892447042	6678.369603773197	7860.271491969778	4537.004357382046	4059.520248103539	3406.553725030925	3255.53748171802	4746.493757385371	5610.734717864199	5293.856543278635	3988.8810707144257	4573.721100577146	5476.812527108701	10642.663975279003	10957.758377238126	9035.507446367948	9395.239470827964	8035.254587515393	7050.241768721235	3583.8402852709896	4449.573034556016	2868.0583520065225	1866.2443642382473	1466.4826424797932
GLYCOCAT-PWY	1145.292359909079	740.8189654733511	767.6094141955472	786.3753702071634	1335.6847105683473	1033.7087750754195	1029.6232307568075	740.080025394739	932.7667489955662	594.9485683144167	2310.1943526448986	1959.8366078801962	1924.7320908911017	4232.865390270657	5046.436470420827	4906.310451950547	1163.1917145944979	1244.7297707116716	1781.9757109195514	7544.818411837216	7884.140641551199	6560.469043074065	5524.286365279764	4622.654297931298	4257.587828382823	2388.4388285419004	2908.665629051443	1843.408914561269	838.9240140963828	651.4477336492271
GLYCOGENSYNTH-PWY	1843.212910611403	1198.425062676352	1107.215330840301	1091.4136665927988	2967.5676623389018	1989.2198968694383	2706.273087762096	3068.634704750431	3775.3826439110653	2217.376617910438	3327.945355451522	2803.1416907163334	2745.138369096749	5067.083437435254	6040.245185816212	5803.165002446506	1055.1814940624683	1145.1603731914981	1627.8992543856878	8253.52009669948	8642.315236925748	7163.665222057192	5142.272612961066	4256.959402636375	4022.8511152786227	2095.4680471757983	2526.5612614243437	1570.180517977416	1121.7559155223448	960.3153193437939
GLYCOL-GLYOXDEG-PWY	0.0	3.425683501210824	0.0	0.0	0.0	0.0	0.0	0.0	0.0	0.0	0.0	0.0	0.0	0.0	0.0	0.0	0.0	0.0	0.0	0.0	0.0	0.0	0.0	0.0	0.0	0.0	0.0	0.0	1.7725908529982124	0.0
GLYCOLYSIS	3155.9269801366722	1899.3329202294644	1651.951184046559	1588.5999957245192	6030.191602827978	4381.040245748769	5661.417145125905	5997.198648777143	7071.087845473457	4034.7590785129914	4368.027300275823	3639.058669472602	3535.117080715124	5681.621469517714	6783.000189791381	6578.787890465404	2097.5378278182375	1922.8856225440843	2564.531877880888	11160.822671482463	11662.949657210173	9519.840011535352	6898.034524349464	5743.524883995755	5509.481842515969	3035.3521877816875	3762.8531442774547	2382.5247689106736	1768.200375573872	1408.4382321854778
GLYCOLYSIS-E-D	2608.3863555649464	1402.6300036952107	1374.296909901409	1272.849140846145	6185.955876151988	4543.9874828085785	5735.7042531029065	5774.7083601523045	6801.229277551276	3902.4745853190225	3797.0297388878644	3139.4921744616618	3038.965925855085	4033.5234022587156	4507.433110248139	3785.5729461357855	2345.4786576309325	2243.833863851044	2928.7080489015493	9445.412964440962	9910.876825636715	8186.071486011216	7269.981906323552	6084.616620742462	5742.513095143718	3048.665316409288	3775.7443298692765	2409.412420091935	1482.4863622196403	1136.158255722526
GLYCOLYSIS-TCA-GLYOX-BYPASS	2940.5957182188818	1617.787776421893	1489.6860266240756	1382.830814487288	6295.449255878742	4590.930175660587	5923.676056444938	6349.990014088629	7483.575206041653	4291.689735984791	4243.366099311022	3526.049218088752	3399.781654040159	4556.964047113904	5221.798954671296	4786.330943485591	2537.346414160573	2461.7809711570926	3182.1008357544515	9655.885427178135	9968.11848363093	8190.80098064831	7621.925933505942	6363.754623606554	6042.270891181589	3195.309487748966	3947.273997895775	2521.4162761522452	1668.949089879234	1239.322762460912
GLYOXYLATE-BYPASS	2353.3295543605077	1410.3379586014457	1174.1203279697713	1057.6432332529291	6772.8954442662425	5182.782120005985	6048.373165277541	5588.719204741568	6555.826527571861	3835.220043828755	3536.4807555730404	2981.737180328511	2810.7726742143027	4369.740655605087	5204.141565406393	5032.187189008434	3385.385350179881	3788.542539969969	4578.524280836751	10554.72802586068	10892.415479859306	8976.632280595817	8529.401038578591	7232.316467808242	6572.382851244826	3115.8349313795607	3844.890028821383	2479.5388260804334	1368.4439782163802	1088.5444304505952
HCAMHPDEG-PWY	0.0	2.99486301369863	20.96580725340834	0.0	0.0	0.0	0.0	0.0	0.0	0.0	0.0	0.0	0.0	0.0	0.0	0.0	15.20596492932433	15.338595106550907	17.390608508988997	0.0	0.0	0.0	0.0	0.0	0.0	0.0	0.0	0.0	3.1879073079795055	0.0
HEME-BIOSYNTHESIS-II	2794.496308746766	1540.7440097366743	1458.3185788094863	1332.0549405514223	6397.314332402751	4790.242271179647	5857.553325161586	5861.92	6891.67	3949.82594919275	4064.431096324023	3425.3480429220176	3222.9777965720154	4532.760964200789	5389.02584406854	5232.428609314694	3259.968563205179	3572.2680621467484	4295.816445550593	9136.268126200112	9372.922854188644	7735.741204788992	7384.734941401621	6245.085407791287	5791.638041930303	2901.896293137395	3585.2653170234	2305.3082316000323	1580.1982742057048	1244.3817408297164
HEMESYN2-PWY	3252.601284737456	1829.0159977352143	1718.9703460463027	1580.0937833659937	7378.904181843573	5527.561169933102	6748.041670529808	6754.307074768428	7937.812525052013	4555.465843146163	4746.375998461908	3978.7531803204056	3781.040681165242	5382.37621784223	6394.789080879758	6257.6157639602125	3691.2039397567423	4023.5407485279134	4846.683387573321	10714.605774277148	11033.917075851272	9095.239703976195	8410.348262536	7100.671448087323	6623.833782559451	3314.924344390679	4096.082940521963	2632.4869946295066	1853.2959798724764	1469.1476123051953
HEXITOLDEGSUPER-PWY	0.0	30.887572147044807	0.0	0.0	0.0	0.0	0.0	0.0	0.0	0.0	0.0	0.0	0.0	0.0	37.50050336624831	0.0	0.0	0.0	0.0	0.0	0.0	0.0	0.0	0.0	0.0	0.0	0.0	0.0	25.156343472347842	0.0
HISDEG-PWY	2332.2440289514057	1374.2466789368991	1218.0579225703452	1040.5774870952605	6887.13716598103	5179.818668805132	6342.588817367663	5928.896946320543	6986.1900333350395	4112.920014534096	3674.371432856163	3079.6270405308323	3014.8891967229833	5069.593476238031	6078.415495774785	5804.936179028728	3148.7322209347567	3504.0362545728194	4240.303059942177	8432.949718523976	8815.712307459326	7307.847469608044	8217.031613073772	6996.108105459506	6354.467294361108	3147.3435109690186	3921.769352709256	2536.5959826156413	1393.385575340025	1010.3662475631534
HISTSYN-PWY	3308.993388325482	2001.2985659869198	1766.5559089575559	1644.976695727152	7368.207778711762	5530.168840355431	6723.946668437628	6643.452302077734	7799.410580992654	4468.939975712045	4324.800129994227	3664.2222319406746	3472.3476214281613	4649.8963350624	5494.106730937441	5310.780331083694	3724.2384852588066	4108.058929998092	4922.838584932856	9735.28583714607	10012.858145410011	8232.533927794726	8258.572794039697	6998.062092970672	6431.3738061547065	3159.9410198874675	3910.7694572786095	2524.0815845256725	1901.4815536301514	1495.3170010830024
HOMOSER-METSYN-PWY	784.3993019626605	717.1633696238846	468.2538652824535	592.3979034574656	332.4487272954646	233.60281638007524	244.58463083769882	367.2636627228617	397.34906445189205	209.30675185414577	1773.0663773047413	1566.975156392647	1544.244061906418	4187.7586998246015	5080.997591579067	4840.491949155459	292.9786120619439	529.1377892284152	592.8799903670684	8882.32324208984	9359.444183821628	7767.102749962069	4202.555780812733	3486.108608370481	3295.705697470433	2054.3207340146637	2440.915730866494	1540.45071972128	498.2440397184228	407.00039528405324
HSERMETANA-PWY	3805.6300530165913	2192.437464302248	1888.4444365315846	1872.0257286025385	7384.118061277327	5437.828500520741	6901.944947538893	7261.214575693148	8577.595034845963	4936.166642358674	4134.114191268517	3454.9225496464933	3275.8102313195345	4617.31757934275	5492.763624841043	5314.929019537097	3486.764311222172	3844.031164866451	4596.807345244876	8614.514994293582	8761.428747132943	7051.969906325443	8100.325300574742	6845.904311317207	6240.352639590345	3122.7396537932523	3877.8521677105396	2492.516858227088	2167.2932639699798	1674.0033536374942
ILEUSYN-PWY	6043.6709696005455	3512.064264763285	3117.6491477098357	2827.2252992929543	9100.437054617523	6753.527150722312	8353.28033881959	8549.142671540778	10138.194089134762	5858.146862727609	5966.461102373398	4947.158103459398	4744.9112399212745	5864.968841740073	6957.412492911307	6692.0498766882965	4366.951045134105	4750.026961457897	5753.632215557334	11745.207417390187	12028.75465242071	9760.98117179499	9476.390762183459	8030.34915183216	7284.401001388154	4180.738290464663	5156.3995775459125	3331.8888519456705	3571.9077464628954	2735.9400717662434
KDO-NAGLIPASYN-PWY	0.0	15.86690948750694	0.0	0.0	0.0	0.0	0.0	0.0	0.0	0.0	3706.7842758514016	3142.3921089292653	3062.14845788113	4833.09023096568	5751.354004769416	5564.531462073988	0.0	0.0	0.0	8241.888365971856	8563.979730040244	6962.194572294058	1653.1925678434086	1451.8380132081365	1291.052605188762	446.2054845518494	502.0107760475521	335.07536585958616	10.584455274339629	0.0
KETOGLUCONMET-PWY	394.33643279797127	179.20787325972154	144.05990016638935	121.58075949367087	0.0	0.0	0.0	0.0	0.0	0.0	434.67419635099907	274.88214873012976	271.2631951824301	0.0	0.0	0.0	46.76427996781979	27.621530292058896	64.42288196958725	0.0	0.0	0.0	33.23872242344419	25.53022932592078	11.81620931716656	0.0	0.0	0.0	206.86202993334172	97.52336987882286
LACTOSECAT-PWY	0.0	0.0	7.885733618457069	0.0	0.0	0.0	0.0	0.0	0.0	0.0	0.0	0.0	0.0	0.0	0.0	0.0	0.0	0.0	0.0	0.0	0.0	0.0	0.0	0.0	0.0	0.0	0.0	0.0	0.0	0.0
LEU-DEG2-PWY	2787.5222160187946	1435.3185567769076	1255.5743745936443	1238.6653468070767	7798.474767555152	5872.465351777172	7135.207150929442	6893.1891798254455	8097.898606053156	4674.0987308734975	4594.4012955545595	3804.172409405284	3659.69237799215	5151.709777471885	6126.914701557926	5880.8576271839565	4105.377887282888	4511.213301437499	5412.709924746119	3710.0395267566905	3976.8096079098955	3389.5052692760073	9003.361194432655	7653.984590854733	6990.84833426356	3632.7438082426747	4516.396162020594	2919.4500609231973	1593.458499161336	1183.8818104997256
LIPASYN-PWY	118.26804618167341	102.39278103800355	50.56413514190616	177.8327998389808	133.2110643360011	117.33710909816224	113.40072185029209	67.79265824137035	108.04824620019592	62.49786459318539	0.0	0.0	0.0	0.0	0.0	0.0	0.0	0.0	0.0	0.0	0.0	0.0	0.0	0.0	0.0	0.0	0.0	0.0	58.76464619417394	0.0
MET-SAM-PWY	1390.862089287088	1124.5470643060482	813.7628156454377	934.6456671862544	730.7624240245377	514.7456370649362	544.2588914631039	800.3995103950956	871.0433700429455	461.10921976576844	2882.6817971377623	2508.393741120171	2459.5671857523416	5664.756902588332	6816.523001860788	6562.031546691484	611.9609063109513	1037.3794306965283	1175.0648754871231	11405.998733980243	11927.221376305682	9875.709952625471	5982.927170144223	4999.502780832958	4688.241747408825	3005.511648407706	3624.30245662962	2295.4036470175865	864.6388695448289	691.6851184182052
METH-ACETATE-PWY	60.04872893550079	0.0	0.0	15.814328962670087	0.0	0.0	0.0	0.0	0.0	0.0	0.0	0.0	0.0	0.0	0.0	0.0	0.0	0.0	0.0	0.0	0.0	0.0	0.0	0.0	0.0	0.0	0.0	0.0	0.0	15.805823953072696
METHGLYUT-PWY	0.0	4.279551258132751	0.0	0.0	0.0	0.0	0.0	0.0	0.0	0.0	77.63852683537232	69.67154690728297	54.56743246892404	23.329866825798973	34.569562797446274	26.517589335030976	266.0485975783346	295.664565278368	419.27384680616325	19.7014948572838	12.495620583131783	14.159948249646709	897.07879307719	811.7684334260448	589.6993163486426	169.42444447297405	165.30964797237536	106.73450736744664	2.215174636261605	0.0
METHYLGALLATE-DEGRADATION-PWY	526.0678598362434	294.5242713590889	252.36815049203227	216.3530220705371	648.2002107869421	483.31477488656543	463.6557412211974	306.24117632158385	435.34982521458505	311.56298327309463	435.54626534803543	281.39567475495164	285.1740330627764	0.0	15.98489447220251	0.0	244.6059915633954	200.50452330445108	264.4296553992934	10.93675177400779	14.098818974817155	13.748648069828066	44.982839921145406	0.0	19.996477422036545	123.46142974914615	156.86948442267288	112.20139790020055	273.85735374665774	225.2986003236024
NAD-BIOSYNTHESIS-II	755.2759437906611	291.5683183222594	299.2439810800626	320.18361806652246	843.8880371747159	582.091292816482	741.992883638126	763.9838604853787	964.4173808602283	566.0965520844663	685.5387326339647	586.046824123793	434.39714249324413	85.4476078656638	133.86631292296101	87.50745267411547	1193.6093045566645	1207.253903571495	1515.8487951123686	0.0	0.0	0.0	4243.487283622323	3469.661385679239	3582.160490560617	506.7414623366472	518.2919297834244	275.97227023721985	363.54369418945	308.2527783764099
NADSYN-PWY	1283.0746334475903	811.56506970047	728.5763174658584	627.4512596178561	1223.168385218982	817.2100952565256	1357.0573095591062	1852.5801557700722	2310.7399838262813	1325.5553544809784	1688.652354670771	1418.127863453448	1315.1900579884104	579.5692497701671	625.12908595817	478.4373520749606	96.30253979060312	141.4472350345043	191.81874476786953	937.9743932383305	1070.6717428157567	811.6939370202487	47.36952753780657	39.353989288157834	5.741262041920941	122.60689353040665	118.77498030113053	78.36040618219793	808.1407081915354	538.2780279420663
NAGLIPASYN-PWY	2901.4451147426626	1667.3024109509697	1576.4060718680307	1505.3896676351644	6579.4971976434945	4906.287184273109	6092.340031062643	6191.6774832506235	7305.448773745318	4183.9567542405675	4323.069312200736	3673.47405064037	3460.8167435871223	4668.118747029344	5526.657106469156	5317.7664822673505	3214.7368979431158	3562.0380238053085	4312.455403950376	9118.476728367606	9413.033243700393	7723.135083073991	7406.714232681212	6299.453124808878	5761.903172914719	2824.496211058097	3520.617767200309	2248.8657663233275	1783.5684154139863	1311.3677626603846
NONMEVIPP-PWY	3097.732110397747	1855.048528908523	1645.592136179961	1611.533636385049	5793.2018736404625	4425.539131363885	5125.75823164115	4712.058718382005	5485.063067700078	3134.753090358318	2904.882593289629	2490.392882599904	2350.1286390440664	2160.818968293682	2512.3185949641907	1931.0668418123073	3245.3256580342913	3588.5489828507784	4304.30208680818	9079.335581364707	9390.890837815328	7735.44186430284	7466.257707440195	6319.78205574986	5792.255501983727	2900.5774921071757	3570.7250661805706	2303.1485087455194	1790.3253529622814	1399.757372733957
NONOXIPENT-PWY	4369.518457504476	2570.483968257067	2403.759204358968	2187.3629956673562	7620.749242779193	5593.215427307565	7147.886985631477	7501.300607796626	8906.379871369538	5085.856162963163	5346.012338247206	4477.617186382873	4264.304033270638	4985.9135057634	5879.355386490553	5624.536652368062	3567.4389419355757	3898.1942026688557	4725.907652751545	15447.32096648273	16059.75623399458	13103.096118700747	7968.977151055622	6749.04184985511	6156.596444316556	3004.0686799533414	3691.9572748119103	2374.5997840402065	2517.071356359439	1934.8870155381019
OANTIGEN-PWY	2703.7673332373224	1566.0112629996154	1318.141293042598	1289.77625498447	6543.878480545825	4936.736698561255	5886.75464865511	5587.321298003103	6558.538182498311	3786.29480963654	3541.2349509469323	2990.1447917630753	2864.025282244486	4510.929718992631	5362.211816304536	5176.018874040152	3358.6014542205844	3708.5556068850856	4476.158349804001	7858.181855507938	8107.954242476283	6736.510024292771	7991.05317443734	6762.271311192773	6188.826385823305	2482.9084806966466	3045.767075186086	1954.58272854269	1507.9933325246109	1198.8169642974563
ORNARGDEG-PWY	0.0	4.653098576344452	0.0	0.0	0.0	0.0	0.0	0.0	0.0	0.0	315.2617030432708	269.80492405943096	272.7999591002939	122.11962098596499	160.52128568132298	0.0	184.6837374519356	496.3379231443121	589.105523297974	0.0	0.0	0.0	168.30275723879697	237.82510342330735	0.0	0.0	0.0	0.0	3.097629088895823	0.0
ORNDEG-PWY	0.0	3.9812096300645923	0.0	0.0	0.0	0.0	0.0	0.0	0.0	0.0	0.0	0.0	0.0	0.0	0.0	0.0	0.0	0.0	0.0	0.0	0.0	0.0	0.0	0.0	0.0	0.0	0.0	0.0	2.6533279269764636	0.0
P101-PWY	121.88755011079387	68.16046161632335	23.690551014554504	4.995057454197461	216.03501702877693	151.579856633444	125.03922725361654	62.07220349141117	51.077990692723475	0.0	99.52714490471344	61.02947142048475	76.48697672626776	93.81187033118859	0.0	91.84361164035562	0.0	7.490414664917258	0.0	9623.802321680296	9979.156508707425	8040.544864947247	84.2135008126565	71.86593516715293	91.15820263416984	580.6203187224609	755.0999060163485	403.7253304669534	94.21852511793493	65.69805002780959
P105-PWY	3740.1921301220673	2195.8142116190324	1900.9665622205835	1792.5651550823336	5180.845680926007	3735.647476589434	4988.3138797284755	5881.530567476996	6956.364665891648	4011.945065215104	4832.69337291766	4067.541085408521	3888.1341337618665	5602.811155683653	6686.94570574009	6428.549302288462	2501.1524805792724	2605.5967450798707	3219.5387811848614	11559.651477276822	11998.159865186615	9851.69546432347	7272.068783380485	6012.034740070335	5842.266946956336	3144.3672468210543	3824.6749129716295	2428.32668404902	2173.7993250359636	1695.5465179474024
P108-PWY	2811.6620739193813	1710.5840101454185	1583.073325810712	1430.2370738759264	2308.562043245343	1525.9978202164339	2332.768129397126	3171.9266448478725	3804.1653615466566	2242.082103818022	2999.6840391240817	2606.081099456933	2399.672044987671	988.7756980100145	1130.23853897225	854.4964115982128	447.35655195242646	434.8856134552548	511.00011388728205	605.2717830039254	701.3294874746801	374.5937424196026	371.8320577443633	196.1953298470669	198.07103763650758	264.0225810085113	230.7186328018196	190.67198737460808	1650.0197526284949	1411.0795951951718
P122-PWY	490.0690124221107	178.96671240014683	399.5397554420744	196.98488192519935	79.95547035580452	65.2486668068847	71.31300599643242	89.9575838868154	72.92116802131996	0.0	231.85155912994344	47.58867744409528	77.60773482416396	27.799493282963148	69.78245154741528	31.81912147113561	0.0	0.0	0.0	182.15281296959571	209.84892096637958	86.54582078296349	107.9265117410074	83.33620883895799	76.7859202075807	0.0	0.0	0.0	83.8674231683174	114.02295914781959
P124-PWY	538.7218150087812	199.82551451240352	438.7680672429048	219.25673012793996	145.56101611204446	94.61430434604385	110.47110870211034	102.6861296472482	83.26926256923512	0.0	266.64921027803996	54.49039928936163	88.96963991084849	31.85891700757692	80.35693539958248	77.50371352452983	0.0	0.0	0.0	342.9881935886194	437.000994843581	284.53015487245233	848.813400037433	722.928867891343	655.7784429345678	113.49094746625697	136.99058607130144	92.53133801612243	95.0668490233306	128.2826436658002
P125-PWY	157.88887050031715	101.62474842563137	102.7742737633831	64.6129460252634	111.5119627079093	73.14950685160768	65.96553919062666	61.16816164402285	58.775082741867	37.18280712582912	131.89881807501007	47.52907747138594	123.05089214940732	83.77474000650567	22.477830585728316	79.22483946083742	181.68004998776343	117.05965334628608	254.52314541877382	0.0	0.0	0.0	20.397589557529507	15.598325428386465	14.398474831408414	0.0	0.0	0.0	95.67809337387904	154.9504246432841
P161-PWY	716.752260374677	406.9581471557578	348.57905066954476	311.49929714357296	208.14409718820417	121.61999591503267	109.72920956046907	125.59194479071623	97.786340378198	77.76443257056569	2033.4793145997307	1660.3581477268526	1842.0343119240474	6067.5530362046475	7371.311783223072	7401.970147197577	378.21759152881333	312.74840948312783	489.44509168973104	8694.08429778567	9257.140197616856	7349.010045444719	531.7609485744082	457.99663440475615	406.0476294532381	150.9424384978597	188.616269794553	94.88670903099992	441.43312623364005	348.7297458743918
P162-PWY	15.335417145259033	28.63579529812504	0.0	0.0	0.0	0.0	0.0	0.0	0.0	0.0	0.0	0.0	0.0	0.0	0.0	0.0	0.0	0.0	0.0	0.0	0.0	0.0	0.0	0.0	0.0	0.0	0.0	0.0	0.0	0.0
P164-PWY	1093.7882599747186	581.0359977213536	530.1277554755535	560.0303669661805	0.0	0.0	0.0	0.0	0.0	0.0	218.28756485335626	197.9431711819383	276.52450739761946	0.0	0.0	0.0	0.0	0.0	0.0	0.0	71.63405172593485	204.24988143688176	23.937166294131416	0.0	0.0	0.0	0.0	0.0	386.41525064356034	359.66965973427017
P184-PWY	458.9214527098666	257.4557545753235	202.87737164035627	194.71864006260958	383.9552069788059	249.9897061098179	287.37903904584647	211.86646784125523	264.64473181901195	208.54635409027824	450.4190158478787	288.9090138761268	293.0498297635679	0.0	16.41529101870769	0.0	233.35330948417192	186.62666381962111	242.33063096504543	10.425046319510198	13.427806247611093	13.998998874448844	45.63609881386825	0.0	20.361027783907	0.0	0.0	0.0	230.99340037527122	240.88869274453435
P221-PWY	479.9680057306561	170.6545786879305	216.31576785210166	297.28783477826994	6694.955670428676	5094.171219712294	5868.397607384709	4724.573437104722	5533.386782537729	3264.1096593294146	1636.3710564063267	1299.914999078914	1247.4158339692578	801.33682464632	845.2205706457256	568.8046035197833	3829.5541514802385	4149.539037816421	4993.726983098712	3744.629831841993	3774.141499586493	3130.5719547581657	6183.05948356319	5387.019775002515	4491.097959440878	1903.5499974430256	2280.1182523095235	1505.4174236181689	277.3833120813394	289.83494054431355
P23-PWY	1792.5773142676996	912.2177355868761	967.9165747157115	891.5327596636552	0.0	0.0	0.0	0.0	0.0	0.0	1374.9037379988886	1331.0269082661735	1374.8662182975552	361.4884326399891	419.3376451781978	447.8107961442669	33.48773352609443	0.0	0.0	49.17498261657022	95.09754570901838	64.8715260648258	122.54215891412859	0.0	29.906833191179484	0.0	0.0	0.0	832.7011912517194	658.5936392991408
P261-PWY	37.19297126065759	86.12992292951513	51.52710224959277	38.2774207299595	0.0	0.0	0.0	0.0	0.0	0.0	0.0	0.0	0.0	0.0	0.0	0.0	0.0	0.0	0.0	0.0	0.0	0.0	0.0	0.0	0.0	0.0	0.0	0.0	67.18262296322477	67.12276761649589
P281-PWY	793.4975860439841	329.6994425728586	310.87050063184785	310.0670933281501	540.3549673645739	411.0876320410043	454.29298022242887	525.2770471046881	589.447805182903	420.7515391807393	572.4187066809624	377.6720375391385	354.44651914340346	0.0	23.254045570291545	0.0	125.1410894120132	66.0617647245219	117.95616031223628	28.40633846273197	50.23307949143342	0.0	29.98761367468397	15.319764354110733	0.0	0.0	0.0	0.0	446.3601486810211	227.8112041799834
P4-PWY	1994.5306343711566	1393.1242773797676	1083.1891795614565	1163.8548159473282	1453.3852049822021	1026.9296753903457	1112.1746110394927	1570.2241175472368	1727.2799276291373	924.9365522423826	3523.914344787387	3031.8124151859647	2931.799994745866	5350.901537797412	6384.59665138768	6158.407844595521	1095.115748882568	1642.0173655641638	1911.46805091857	10870.341963653851	11267.810967628107	9353.26703402943	6744.489389835522	5611.298477772984	5381.254737999107	3173.310134623452	3870.987358884925	2450.9933422906283	1201.8315679603566	960.1997524393283
P42-PWY	1714.022280288817	1147.9033709411467	1098.2874243837687	1133.5764482502973	277.02723470337133	136.65584479930422	204.43468644614876	343.45315928077434	332.31736283119477	261.3374049881817	2853.887468200666	2405.2488006130734	2356.3347329286603	2414.2699967634308	2574.8305906711134	1769.2159577036623	427.48400922044254	437.72575551325576	333.4823031912497	202.32941057129773	507.1867865198809	445.51212888363676	511.4639683657793	137.95445188584685	103.79650033498632	264.2786057017814	228.57980640450813	241.98128792429372	1064.9204056378708	951.5695918278323
P441-PWY	326.20624281755363	181.04394698749655	100.11183414740043	45.85848488018065	0.0	0.0	0.0	0.0	0.0	0.0	146.89725537365175	0.0	36.161248965417556	0.0	30.18179615479274	0.0	0.0	0.0	0.0	103.31595444403858	62.31488898345171	0.0	0.0	0.0	0.0	0.0	0.0	0.0	212.9272447229542	195.0283706389837
P461-PWY	0.0	13.956809546698887	0.0	0.0	0.0	0.0	0.0	0.0	0.0	15.974099139659215	321.1676849044504	361.278998947382	238.33080472050898	41.77427047032831	149.58699719922208	23.938716585229646	0.0	0.0	0.0	148.02499454429633	163.6808163503282	59.61972965058237	35.819608795568136	33.15204970404222	26.61745380190136	0.0	0.0	0.0	24.521423664785807	0.0
P562-PWY	311.7528502440321	120.33130608029647	106.24958335891723	22.43445218492717	247.67622995064545	172.59625262669414	248.34224077724616	218.92958327383283	309.2228196662526	182.30569082562283	113.74999999999999	74.6846590909091	84.81304006284367	8.290909090909091	0.0	0.0	135.12087445071984	85.9986753651025	122.87813347734352	57.35418543082508	47.860482943656585	0.0	25.967741935483872	13.0	14.903225806451616	0.0	0.0	0.0	200.12702413143762	192.10141704627657
P621-PWY	82.60897435897436	0.0	63.091633466135455	0.0	0.0	0.0	0.0	0.0	0.0	0.0	0.0	0.0	0.0	0.0	0.0	0.0	65.77119784656797	45.535714285714285	53.71835861928521	0.0	0.0	0.0	0.0	0.0	0.0	0.0	0.0	0.0	79.4238683127572	83.3467741935484
PANTO-PWY	3228.4132568904215	1951.2765395135636	1744.3850029350165	1645.1659844916762	7171.186422824602	5380.572210841879	6509.493353630731	6327.749292142043	7455.3653675442565	4277.747080192124	4190.601539256405	3497.9957610241195	3335.855545675022	4661.13027942824	5503.487162116152	5305.958493146538	3663.4503434211024	4063.679283375449	4891.902746961558	9538.766169648554	9866.303437759016	8121.9287859875585	8310.652932958325	7057.4412389668905	6413.900234888775	3091.662141305895	3843.2028310773712	2476.313613331415	1875.2961538461536	1484.2072925060438
PANTOSYN-PWY	2987.5515554319545	1772.964303700522	1613.9492336847115	1516.427486313895	6813.582673416346	5107.311221611211	6214.582337215106	6150.057456779994	7237.118343556295	4154.464266886287	4133.984605431944	3458.9500971512994	3302.529400310331	4622.349555531027	5477.18363579297	5269.50919858953	3431.285538291904	3813.484670773394	4580.3796205762255	9303.959398353212	9638.517102042857	7894.186090450039	7829.656548388537	6644.8468838166955	6051.875833530366	2972.680209872286	3684.710439344178	2371.691411164652	1761.5741864982272	1312.6428734716371
PENTOSE-P-PWY	2363.198716608608	1428.327930017649	1477.6684985064544	1335.8065535196288	3753.7538117617855	2620.8730972214653	3535.621104045011	3807.5873195420245	4674.809736585807	2696.6632786318364	2834.9627445858123	2359.113151524213	2154.1033753592696	1489.9323682515108	1659.1567204520434	977.2490519744804	709.6176692970232	1349.4536063214002	1643.7496407151318	12257.897758729703	12831.0113096314	10504.556883828069	6134.819486075479	5182.038885663024	4651.447176795177	2572.1236160168983	3126.166315348757	1995.1740009932378	1437.567073755649	1164.6653124398358
PEPTIDOGLYCANSYN-PWY	3091.036043383278	1883.651250537557	1648.8276586623276	1527.662281933837	6440.241607618325	4820.613945150464	5880.088371155469	5872.64069076969	6904.369232260373	3965.067075920372	4099.500668815534	3468.3173838459497	3304.359535315929	4581.008498266226	5434.6590277860105	5245.488681385538	3277.4791386042107	3629.7432482895283	4363.158031811002	9204.776838756043	9468.042715764419	7795.305589356927	7459.347256291152	6316.981313289646	5791.8086129137955	2902.9509369676316	3585.2411997608283	2307.1472740499826	1769.135855091134	1385.4579713477144
PHOSLIPSYN-PWY	3897.1673771580126	2270.908844009034	2044.1681312556696	1953.5762586425358	10453.844742563788	7912.861181474172	9341.068507503393	8658.76286081874	10170.345134225792	5882.525765362251	5464.800711661636	4616.383936200857	4428.727156290479	6619.814254328182	7836.268071047795	7429.958128778504	5785.276849795687	6459.661984486834	7694.405474010078	12601.257860717426	13030.802165491594	10661.242403370183	12314.216829665087	10529.166492269404	9399.432588554731	4294.185805455407	5331.543918817453	3484.4922395456106	2262.7981174636698	1762.7498456246137
POLYAMINSYN3-PWY	837.8477620512369	399.2396682134282	333.9829664943188	333.0530207657851	1137.4832750858213	859.5879942302959	1069.2140380000858	1320.4508094669238	1496.3260362063215	946.5754659045846	549.9687370376099	527.0713978824963	384.22211723172893	273.6878017763765	309.8761805675691	141.76100852911648	604.8806610550209	641.6677837911988	898.4677101686457	548.224863811477	703.1029201214674	384.94439471439256	3708.5252090053536	3055.735767859532	3015.770177577746	1976.0074446979022	2440.7798006600988	1477.5321497564125	470.39412444810273	296.5962750118356
POLYAMSYN-PWY	1107.6633537473979	541.5392724506685	432.41221968026593	453.3710635620733	1116.2937521102144	844.237463588006	1048.092438926829	1280.0065078900943	1449.86742551565	914.3211887927125	1501.4547651559328	1275.9406352469455	1236.5805518635545	757.9441618293009	838.8747708216295	650.7327296806254	594.2112029815996	630.6851518480447	880.1384934443345	3135.407050381808	2910.00703299783	2787.388011844475	3487.3854137693875	2883.7263684979293	2818.0581309997806	1958.2389814551566	2418.3717930159796	1461.9544099233835	596.0057141430191	441.51209902878725
POLYISOPRENSYN-PWY	3188.0661196245983	1945.1909668562212	1721.1298835409082	1655.6321910001495	6613.318929959071	4949.088103091093	6044.175214731823	6118.203044476926	7172.721086549557	4112.353308633113	4167.131393222724	3531.839313892867	3349.5746351435273	4647.826450427149	5508.3480935228645	5256.729671146474	3275.676040198796	3695.6918175181495	4434.613827772545	9179.561418718356	9464.274687418882	7767.308708354647	7595.823298534309	6451.663360308483	5801.389143001443	2941.3715159755266	3615.55029824081	2325.291872715545	1869.4549782759902	1473.709447526072
PPGPPMET-PWY	893.1921031954387	543.6156474441606	352.764094109935	456.4329242619368	5499.502875105578	4178.027935002266	4941.988082441854	4357.922502283747	5011.521141562508	2859.6024136037095	3104.282536431199	2672.8362355576674	2537.1795588031932	4819.455530415894	5764.406763909803	5582.173611200388	3249.804228636501	3612.254749518389	4315.945308834691	9713.107145651631	10113.413060593177	8392.585798143919	8730.227704084193	7370.394462925427	6914.904105484758	3379.7418126084654	4136.8906616276645	2670.0978525911396	480.8468643737911	393.9076400362648
PROTOCATECHUATE-ORTHO-CLEAVAGE-PWY	872.0911960112477	356.79234967847526	334.1747452381743	293.8017111979793	7143.531518729111	5470.936241009753	6261.022307804733	5415.338667527294	6287.026582238705	3644.8154313016744	1523.1292470293936	1151.272622137464	1152.6127210742814	697.9375761646405	799.3973234172825	471.8635170580461	4131.346395004177	4678.49873399405	5616.267303192561	125.79599881564702	171.32940685257944	87.32726358417773	6397.816180319763	5682.548281734186	4321.067721192209	1526.9028561162959	1924.292197541895	1341.8922002020934	523.5782815888773	324.03336227386893
PRPP-PWY	1619.9262554495626	900.0633777477739	589.8103730180901	739.9658562262654	3043.144948507504	2380.7428253593766	2929.1405834525617	2920.241136864306	3232.773209425163	2066.9032469939657	3581.8872478822946	3045.442329187498	2979.4493704644533	5060.24448087953	6031.81285151424	5831.098173137446	1715.801860383055	1637.1936724933626	2329.5716261789426	9649.151243318202	9996.454703030766	8155.863001305425	7314.230967644553	6160.937663576516	5751.308226770984	2154.1257091272123	2495.556379211662	1531.3975813039347	959.3315181223893	779.0996669641347
PWY-1269	2698.571316799257	1565.0052914247328	1455.0523031454463	1429.105462535592	6413.052272988061	4813.879702732077	5898.342886597939	5936.249680729834	6980.328301715011	3993.529163842268	3911.816597792597	3315.610063854663	3129.199840954275	4519.35	5365.654572069743	5204.31	3202.7199999999993	3527.4500000000003	4271.12	9035.570816339718	9315.677566027049	7626.678558004115	7371.079771111334	6262.878244078146	5780.41	2859.0	3547.87	2266.5	1614.4580823797326	1238.3025040194088
PWY-1361	163.22621796587072	56.42926654217107	63.027444013642665	55.533324762509956	366.6317657851	229.68970478365839	272.9779827149291	166.8427442625127	230.17151375717634	214.64113362524887	588.3112119011801	409.02620823432613	409.65829176621577	0.0	0.0	0.0	206.3981393034584	106.07434626306686	167.45368102866738	0.0	0.0	0.0	8.00380931262569	0.0	0.0	0.0	0.0	0.0	76.50229174441344	73.37427458007515
PWY-1422	0.0	0.0	19.96839165582486	0.0	0.0	0.0	0.0	0.0	0.0	0.0	0.0	0.0	0.0	0.0	7.496678052825161	0.0	0.0	0.0	0.0	0.0	0.0	0.0	0.0	0.0	0.0	0.0	0.0	0.0	0.0	0.0
PWY-1501	0.0	0.0	28.340968359497374	0.0	0.0	0.0	0.0	0.0	0.0	0.0	0.0	0.0	0.0	0.0	0.0	0.0	0.0	0.0	0.0	0.0	0.0	0.0	0.0	0.0	0.0	0.0	0.0	0.0	0.0	0.0
PWY-1541	0.0	0.0	0.0	0.0	0.0	0.0	0.0	0.0	0.0	0.0	0.0	0.0	0.0	0.0	0.0	0.0	0.0	0.0	0.0	70.15708304460198	154.76624366828332	40.80370182770003	36.83453807448802	30.585396394925667	41.946482924407874	167.77455911809565	168.14926412119203	107.08792804571837	0.0	0.0
PWY-1622	0.0	226.81534906626013	0.0	28.925741091764642	0.0	0.0	0.0	0.0	0.0	0.0	0.0	0.0	0.0	0.0	0.0	0.0	0.0	0.0	0.0	0.0	0.0	0.0	0.0	25.997234622503875	63.325141653242305	194.12891359644203	175.38353343349166	141.3770454145443	0.0	188.88100615029794
PWY-181	930.9024682448962	785.052599806504	621.0465572789532	266.1583007416395	924.2199271168458	585.0024271091564	694.1733081021937	613.0920257168272	770.3604820328383	650.7118156484713	1067.9843547091223	965.0856609412366	613.8372518608908	176.48156618942005	211.07253971594739	184.08881021883704	839.4114504708555	672.6934337820477	1025.892687605034	1389.6773580739211	1450.6040421420512	618.6285820070021	5207.788826148194	4277.23731075013	4017.38483165283	1947.383418153355	2310.610292376456	1443.775213410843	650.7073234215588	504.8387701619058
PWY-1861	523.5219753820758	481.56008735340276	420.12933244064857	430.858966191276	753.032967824585	566.8891384361859	716.4463141430039	508.7870139322484	517.326169611459	195.67504950093297	121.69464339719377	0.0	0.0	0.0	0.0	0.0	0.0	0.0	0.0	63.75441251203218	95.47002103052488	59.74590784750972	23.927957248969	0.0	0.0	0.0	0.0	0.0	402.2612771018809	217.1892651199091
PWY-2941	10.976799496132536	0.0	0.0	23.780682782126032	0.0	0.0	0.0	0.0	0.0	31.843285916189867	0.0	0.0	0.0	0.0	0.0	0.0	0.0	0.0	0.0	0.0	0.0	0.0	0.0	0.0	0.0	0.0	0.0	0.0	0.0	23.757953300806125
PWY-2942	3918.860012849095	2341.8618916836617	2108.781689899221	1957.2327089881114	7632.216959877615	5665.494961433761	7021.318120346932	7178.966702154924	8464.536405116818	4876.6444177056455	5425.877756513158	4594.06785331878	4381.057278316013	6343.127973970514	7521.639697238831	7287.081372532571	3670.0306954006023	4015.207193673465	4856.496853096775	12765.144750803296	13203.765558523342	10937.216390785596	9107.359090075828	7685.797988744065	7131.903953608743	4145.583477839822	5118.911967818548	3277.6342843990333	2274.4956250192295	1771.408528109337
PWY-3001	4037.3721119533793	2405.546749480508	2200.1629623097156	2034.7601614178634	7991.602857850349	5906.854520943647	7346.389777543306	7399.349635259711	8764.77798629791	5044.747639474803	5712.6939626362455	4829.683669679949	4625.418457519742	6593.542702959443	7819.506017884262	7579.779276032497	3879.860926852039	4277.070339206239	5137.568235812207	12347.226250321733	12707.387244969983	10424.615304916337	9226.608108601615	7801.409571081232	7191.261924298211	3955.336732767568	4889.9212753608945	3141.552970836738	2370.719292656208	1847.3559904585145
PWY-3661	390.8899959625434	41.20715727175115	173.12477909302828	153.10154957117487	0.0	0.0	0.0	0.0	0.0	0.0	73.6638646651679	173.2726464983166	87.57060354283519	0.0	36.63689914935011	0.0	86.47977680579896	89.22529493496933	141.2752447800565	1094.7613927937527	864.3436620568726	374.25321507277187	64.18956357533344	71.25885687170681	61.53956249636438	82.54316305083098	84.24952505573968	56.02176847394007	293.8473845896748	310.7209330228244
PWY-3781	9660.981463833275	5931.356246624708	5288.077209510552	4887.682970423931	20003.406505618375	14895.262512725412	18160.765823418267	18161.32060180846	21355.282125298312	12260.04076460764	12608.385231130127	10659.588790515656	10120.25382971598	10473.64605109066	11858.651017970144	11072.173992844322	9889.558457347626	10982.943977381456	13218.616189058981	15946.481254555041	16069.672201076144	12162.489200183938	21979.128376982706	18682.631463914342	16856.11943346912	7934.337628069685	9811.220629448811	6407.721516200825	5736.821490137033	4502.968131366795
PWY-3941	0.0	0.0	0.0	0.0	0.0	0.0	0.0	0.0	0.0	0.0	0.0	0.0	0.0	0.0	0.0	0.0	0.0	0.0	0.0	0.0	0.0	0.0	0.0	0.0	0.0	0.0	0.0	0.0	8.292107953066742	0.0
PWY-4361	0.0	0.0	16.326534903280066	0.0	0.0	0.0	0.0	0.0	0.0	14.45058205552322	0.0	0.0	0.0	0.0	9.348830076562201	0.0	0.0	0.0	0.0	0.0	0.0	0.0	0.0	0.0	0.0	0.0	0.0	0.0	0.0	0.0
PWY-4722	137.58903753502486	0.0	70.96116047532384	17.024510509175094	0.0	0.0	0.0	0.0	0.0	0.0	0.0	30.467823726876652	0.0	0.0	0.0	0.0	104.05974278086384	69.10561584968077	80.26077459628222	0.0	0.0	0.0	0.0	0.0	0.0	0.0	0.0	0.0	127.34714275594398	155.60309387098246
PWY-4984	1376.7575150260104	865.3596877410752	731.882710675866	745.2559364416063	2197.367184271197	1523.251621797578	2350.7323792221387	2615.121763244402	3364.575197164833	1971.626551540144	1847.7588697986555	1543.1385034516472	1476.1540804418562	785.9173575048063	849.2425355476363	709.7527964702348	609.2771895254032	533.1764767847739	679.4188656771578	256.13252809822313	173.29405898002327	138.1778345073247	88.63973629541377	47.31944920458335	79.4417116719195	179.34104063530108	178.00033503487282	121.77265272000588	852.9514700016838	716.3055264262003
PWY-5005	6.588557935547661	0.0	0.0	28.384981118122333	0.0	0.0	0.0	0.0	0.0	0.0	0.0	0.0	0.0	0.0	0.0	0.0	0.0	0.0	0.0	0.0	0.0	0.0	0.0	0.0	0.0	0.0	0.0	0.0	0.0	28.340324585212816
PWY-5022	597.718142051341	340.8691257228945	196.66795753488682	217.14386376981798	5180.751212099283	3994.191125852681	4495.331296352879	3529.2074348528486	4140.5366263038	2460.6574401454695	2070.603404467836	1709.6602983166792	1748.8774151661953	4187.646567076883	5024.167444707324	4858.304854177688	2780.0303948151577	3214.4308561356647	3809.3563256879047	6940.138166274836	7430.264576838656	5962.077045999286	5828.222558908727	5064.500389056017	4285.498567004542	1743.639468448644	2192.275652735061	1492.2999406352033	344.7305485858336	291.4061836204862
PWY-5028	1247.919269856872	602.945227308426	543.646151838214	529.6548232140617	2440.4082582534747	1834.790126985031	2159.5873260042936	2445.728914899671	2927.0845199971855	1762.8191993735345	583.5964070477036	404.3712624917207	380.1630004086943	210.1566686186534	294.1485200533655	34.879639211717816	724.1026350879514	640.976618609435	963.524930474476	1973.1357856966054	2349.5598795835285	1864.4296853801566	463.63524576349806	438.6371997201524	79.42148165809638	236.80433633146586	294.2439635173032	214.10791178748707	683.3592341743537	435.0252123423021
PWY-5097	3775.7236969788532	2265.4404529692256	2030.2824446240134	1896.8119528974123	7432.40639490627	5525.268102749512	6829.962414981431	6955.70989553428	8197.2734621685	4719.291380023917	5125.739626011061	4346.908641577426	4142.675447295998	6002.306974507715	7125.936891805811	6901.473336977578	3604.544285420398	3948.2758944429274	4770.609291168973	12105.29220749772	12510.614845872233	10345.35953716226	8821.270687719305	7446.80282341188	6902.208264088206	3905.661667151255	4823.235774494102	3090.902649869135	2200.741258234982	1714.0538918447496
PWY-5100	663.0010026231469	315.5213953634045	365.5142204389126	339.4223296339843	33.40912990749721	30.89550451611685	32.40729505394794	449.1762584664916	502.135623748527	179.64911164784976	2688.6203098878577	2281.0080327254204	2359.234712519873	5711.042377824667	6814.387279433328	6663.592892570994	176.5865351537592	175.29427206141236	242.8371270281315	74.78968180680002	82.75353419302303	29.96041039726571	39.832099860983504	25.919130087353228	23.91723663116222	0.0	0.0	0.0	310.9351081882181	237.18634611051056
PWY-5101	6187.723276120255	3594.724621032059	3211.270513131568	2925.6551673532927	10292.378688422903	7643.99526422187	9426.11939597763	9520.834889409463	11273.30739597343	6515.99031312548	6450.217465946601	5337.874140344185	5130.285362549202	6370.563793823418	7545.734841960903	7259.198488321329	4952.163053611991	5402.806630647865	6526.004333843437	12666.728416369517	12977.310184126283	10553.214291675833	10672.710537837978	9044.009995059403	8265.539871105613	4604.577175034075	5686.442767252763	3682.4544817886926	3627.6191734578288	2811.0790080810048
PWY-5103	4418.387835694575	2606.943221235181	2335.2103748871978	2176.365685026591	8183.8424871796315	6080.029650716199	7446.299155120838	7412.005918000734	8784.646156687722	5060.865193706783	5171.9746397013305	4340.631001229476	4157.719837477503	5564.185829120994	6594.774109400333	6321.586559445421	4039.031987200824	4478.671581910161	5374.94146009716	11041.997063337007	11343.058091315694	9278.526053760068	8967.737292348545	7600.9034674346785	6924.8294328921675	3754.525954412212	4635.003490693214	2985.445374013769	2572.6415605007487	2021.9325965100547
PWY-5104	2398.761345319286	1097.0946252234642	1031.087350977778	994.0180064163017	893.797819624805	787.823567929866	847.9495503500428	1109.169983205097	1315.1007757163877	703.4617015644181	3615.601062449904	3075.412967207346	3132.8961070337677	6113.699586596785	7285.208320250427	7058.72076824175	980.8355208742163	1178.0409260937113	1691.178827203142	9649.304490530045	9851.033813008116	7954.491557464196	5529.281718073851	4591.99964057932	4304.076180764835	1315.9470755456148	1555.9127919398666	829.8653564020639	1366.6096470222985	918.9884742335613
PWY-5121	2794.478992045438	1779.6372793644318	1584.036854746786	1537.4833185207237	5946.697069755058	4516.900465058954	5297.5391232524435	4956.66542580281	5773.452074258948	3303.6046055871075	2876.0114626029376	2456.0118899289014	2298.675420454983	1676.3279850151819	1898.4320604986904	1384.3336888016306	3066.3848031731914	3488.7889432050024	4174.47186577241	5205.744641250539	5334.079962543345	4330.802758163233	6808.356713475473	5827.661780436569	5058.764954730755	2409.3038047429513	2993.7172754829503	1947.9960168389773	1665.687866811472	1302.9755367280122
PWY-5154	2810.947650136537	1586.4998681218838	1518.878273014365	1377.2573236063774	8149.866674181196	6129.8345622363095	7393.692996777205	7080.714361941969	8305.063050926055	4769.143896654463	4124.008028056992	3468.8976724243407	3368.0937193612663	4845.311567956148	5733.665047958226	5551.689822378015	3804.5487649258575	4182.9301060335665	5025.0276409402595	9739.587517656339	10015.30841927972	8208.721169535787	8597.572409697952	7297.984091808307	6657.532857263305	3452.3386358324574	4281.9119415228615	2781.9908097611665	1684.6343894908798	1238.0941624208383
PWY-5177	7.994450700268829	15.957250993526088	0.0	0.0	0.0	0.0	0.0	0.0	0.0	0.0	0.0	0.0	0.0	0.0	0.0	0.0	0.0	0.0	0.0	0.0	0.0	0.0	0.0	0.0	0.0	0.0	0.0	0.0	0.0	0.0
PWY-5178	7.622435033182661	79.29137059999839	35.5667610403407	12.283676488613894	111.05426039955002	117.5499895691181	108.03712894054784	88.29188398358328	89.30734792932206	61.71752701719787	52.23875412274989	0.0	35.561504758372706	0.0	0.0	0.0	138.04474906523456	145.1858058338885	143.05104667578735	0.0	0.0	0.0	10.527890913338705	0.0	0.0	0.0	0.0	0.0	0.0	0.0
PWY-5180	455.07167305885565	234.67830854358093	209.98786448362148	193.40789783009225	174.1794369920028	152.38749941012696	130.75186291597998	97.87082443830843	84.287059114716	68.78247490969613	293.69777706558637	230.6703545023876	265.1934112026808	0.0	0.0	0.0	238.81668121944276	183.3746144267468	298.4986318245882	57.97309850071615	123.794710033527	64.42152063808135	80.33248215022306	59.57820022446327	52.17847835782326	0.0	114.69733126938786	0.0	276.397732942146	232.230553264106
PWY-5181	286.46635223370293	121.80445125144091	122.30101920346539	100.47142272537262	4350.184023351367	3256.900301073914	3730.4257131830473	3659.2277322551467	4308.418848538346	2517.102702455066	962.4778191652782	700.6255021146616	731.18647430533	315.4869424617351	401.3127238176141	279.9284694199509	2748.333718453939	3131.8926418638953	3745.552395802601	0.0	0.0	0.0	850.1055365279277	1017.9470064754495	535.559289943869	586.6913076824943	724.690341935098	506.3729095809529	141.15222857155953	165.02944255735835
PWY-5182	455.07167305885565	234.67830854358093	209.98786448362148	193.40789783009225	174.1794369920028	152.38749941012696	130.75186291597998	97.87082443830843	84.287059114716	68.78247490969613	293.69777706558637	230.6703545023876	265.1934112026808	0.0	0.0	0.0	238.81668121944276	183.3746144267468	298.4986318245882	57.97309850071615	123.794710033527	64.42152063808135	80.33248215022306	59.57820022446327	52.17847835782326	0.0	114.69733126938786	0.0	276.397732942146	232.230553264106
PWY-5183	0.0	0.0	0.0	0.0	0.0	0.0	0.0	0.0	0.0	0.0	0.0	0.0	0.0	0.0	0.0	0.0	169.60789479945484	101.12183736158578	114.00933329990231	0.0	0.0	0.0	0.0	0.0	0.0	0.0	0.0	0.0	0.0	0.0
PWY-5188	3298.049626263061	1935.090209045382	1764.0975809656197	1657.4401012016551	7179.973355599756	5373.852816809845	6583.834113461498	6607.829468685328	7768.165334454899	4457.16368062094	4436.404910923429	3753.8873211773735	3543.2482945084726	4691.157239526267	5574.801093400676	5330.288386858889	3550.8477620085064	3945.842985413244	4729.855652835717	9198.21966143528	9551.894540433845	7825.517927650672	8032.772774262124	6825.227764240541	6191.059547420124	3139.507810697923	3876.953625187617	2498.518227066895	1953.9477936597775	1531.033444675323
PWY-5189	3093.9839132470042	1816.0332659433413	1663.9870350961985	1526.6853196056609	6740.900054815445	5038.616730047991	6204.59740959074	6317.173236772077	7436.516852094545	4263.629538773765	4303.653693605799	3667.9015808092504	3447.1766818198807	4667.740989601065	5540.653191632327	5312.369229230329	3270.9220045838188	3631.289968556195	4360.9698770647365	9141.632764852131	9441.716986989413	7776.153467236099	7469.655296555811	6331.167165409413	5792.229033180209	2899.0	3581.87	2303.5	1845.4786320186508	1444.83859428586
PWY-5198	0.0	0.0	26.979013045944413	0.0	0.0	0.0	0.0	0.0	0.0	0.0	0.0	0.0	0.0	0.0	0.0	0.0	0.0	0.0	0.0	0.0	0.0	0.0	0.0	0.0	0.0	0.0	0.0	0.0	0.0	0.0
PWY-5304	357.5	199.5	165.0	152.5	287.5	189.0	220.5	173.0	213.0	150.0	63.0	62.0	22.0	0.0	22.0	0.0	124.67000000000002	92.99999999999999	150.17000000000002	724.0	298.0	308.0	8.67	4.0	1.5	0.0	0.0	0.0	198.5	146.5
PWY-5345	3512.481552262113	2001.2730928106398	1864.2726085783297	1731.5814639526648	8153.9664949908465	6034.192031907981	7542.604829800215	7630.393231051752	8991.71405607578	5173.566635747703	4986.140289265605	4190.276630184768	3986.979624757164	6011.109007560055	7156.932185861676	6939.810840402092	3921.6074441845317	4329.317101052932	5209.228690848966	11771.540121833714	12137.56285560696	9920.685424245665	8445.030337561364	7199.793101964216	6542.453080031342	3441.856657304241	4231.426969719184	2644.2600264734024	2060.429135769126	1574.0546604521753
PWY-5347	1437.6503697129515	1181.1145430285062	846.49266104281	985.9039567736685	712.9368165489616	499.95964860245607	535.6433350314459	793.1375469904505	864.0320295254994	458.0330660325699	2986.833562358221	2622.768473039054	2557.4729538225993	5711.162052866074	6888.569946116893	6613.475523684299	569.0069616725749	915.0822838911155	1055.9767956773169	11674.785030962701	12197.508080772606	10081.308951497133	5122.237164499459	4206.7840152732615	4165.627592214875	2669.405821999514	3215.0922595357824	2007.1498640179968	898.4855183100084	726.4363261439362
PWY-5384	699.8925564724515	392.2110587271942	289.48602634115	338.11644415044174	6335.254933357593	4761.6409322930685	5733.775875131377	5182.773029147203	6053.754115703365	3536.769885914875	2795.042586910742	2270.5856921801283	2286.3803768149414	4424.441034606621	5255.879184019435	5148.589068114084	2918.429980641574	3261.450494332023	3967.633012930889	8877.303591994802	9277.726891681932	7677.030546798238	7752.236103344096	6583.949557958285	6059.032239426769	3089.7233661783835	3849.376565856177	2479.8113055849417	364.31147282687743	308.7057368829778
PWY-5392	13.952206387006212	0.0	0.0	0.0	0.0	0.0	0.0	0.0	0.0	0.0	0.0	0.0	0.0	0.0	0.0	0.0	0.0	0.0	0.0	0.0	0.0	0.0	0.0	0.0	0.0	0.0	0.0	0.0	17.359383862986885	24.190942433881613
PWY-5415	436.7033616309191	229.3644927408401	195.16093412882074	187.4816209203531	143.26310262471978	101.56029952638858	91.81735703177708	77.86601195618053	73.67564363595412	51.53074571661572	41.8820240089674	75.4445924685074	41.52337803955012	0.0	0.0	0.0	215.55994785034648	166.873607478167	249.6340320418375	18.061267855588117	90.57096271163897	46.9516206769685	62.87281827501718	11.470819409966277	40.23205644268896	0.0	26.346801674192722	0.0	266.40029111983534	222.08285787139977
PWY-5417	182.93473452944693	132.548650456081	77.13168583767366	76.49190218416312	1276.5955131880507	966.5897038833843	1009.9531577831306	711.115967261668	985.4509910316444	688.9160875894128	609.3072251991855	442.72462610673807	469.5727479107544	141.25197346117727	149.91486522737682	170.00053264580455	1280.6805511406237	1261.6935105730274	1763.5518854368142	13.275512873211015	12.534531310261423	10.797297297297296	810.2299717904805	746.5640263583942	559.9714693446736	283.03501330075903	315.7836462185277	218.6252988049116	88.24269615582551	113.93541526674734
PWY-5419	611.6643668227197	289.30930520689736	282.94339357308746	300.21476453005647	255.5144232543688	149.53772972889618	184.86316311638015	145.4341655892654	180.7332865943174	156.8963409790015	92.0685326121325	103.79956469320419	102.1864404544442	0.0	0.0	0.0	138.72053746760545	72.48724037148548	75.21682921272004	59.756561279595864	143.74703003217	53.90409930367364	2.9487565880540756	0.0	0.0	0.0	22.37651926558056	0.0	384.9181037370743	260.51239686492715
PWY-5420	510.2282951854208	260.6739766637858	223.5734886316358	218.07954196429787	170.6530199357293	117.54667204839849	111.62512580345336	94.99829472691088	92.28074279403131	65.56706625106888	135.350059203089	142.1202818350705	144.48743010187232	0.0	0.0	0.0	172.7406009230302	100.76155406914408	112.75122677179482	25.066460091247116	121.97041284653544	64.06156686946979	5.047537778191991	0.0	0.0	0.0	25.600034806562245	0.0	305.7973494731846	236.85538371385334
PWY-5430	168.13170312673395	105.70059757934925	71.9275329665531	100.93024394376766	0.0	0.0	0.0	0.0	0.0	0.0	67.33549666297824	103.29724328936285	66.51545262485743	0.0	0.0	0.0	153.17329381035177	91.87793074575688	113.83300382800849	16.092836994966195	27.555384989393573	28.100624566741885	0.0	0.0	0.0	0.0	27.49947440442571	0.0	83.87424973305362	0.0
PWY-5431	182.93473452944693	132.548650456081	77.13168583767366	76.49190218416312	1276.5955131880507	966.5897038833843	1009.9531577831306	711.115967261668	985.4509910316444	688.9160875894128	609.3072251991855	442.72462610673807	469.5727479107544	141.25197346117727	149.91486522737682	170.00053264580455	1280.6805511406237	1261.6935105730274	1763.5518854368142	13.275512873211015	12.534531310261423	10.797297297297296	810.2299717904805	746.5640263583942	559.9714693446736	283.03501330075903	315.7836462185277	218.6252988049116	88.24269615582551	113.93541526674734
PWY-5484	2843.781200922141	1712.042831701505	1438.31652897249	1399.0933649373596	5202.668340072086	3694.8918221239214	5018.579504260309	5679.45399703917	6720.681418323594	3811.052493718351	4030.0880646342544	3317.572759758048	3252.0512493675637	5609.5675936170055	6711.3213360418695	6508.753824824306	1475.6241936072565	1264.9824724574592	1746.1864390971039	10476.009972802647	10938.141884247581	8934.781128810217	5853.63570725165	4815.727612435887	4771.500731293551	2702.53008870825	3351.01999652448	2097.791828709327	1545.520208373096	1256.0003827653763
PWY-5505	2102.1826151371984	1225.345710393788	1153.0374865976205	1162.0743661796073	2718.9917381025293	2112.0802596309686	2658.792682716753	3447.4831229412553	4041.9621734991792	2286.357238683196	2681.428750674784	2227.905472481019	1992.8248827537343	947.5907679547763	1039.9280596386088	876.8683478961059	1605.0167616449157	1631.8968175262842	2001.9890832838546	864.4141153789835	936.4954434493792	803.6462831208396	234.01870518631688	244.59220233327903	170.01276102927196	248.67456180580004	247.64898113657338	146.16165638742186	1345.1263232640101	1086.996262955125
PWY-5509	1602.2728129101388	748.9898056067213	660.7728101691915	671.2271659149802	6261.935135454016	4703.005843671877	5707.036768269303	5473.957981272463	6447.448370936276	3683.3949885092425	2139.9102580609165	1714.126975683851	1637.091112412089	812.4377922360304	858.4570789996992	682.3684716047327	3038.388217074306	3414.1072282400096	4054.4880839357656	8548.170201866715	8945.259457886074	7383.181258131562	4905.159635520263	4303.3181287920725	3571.778005210048	2588.313070392613	3285.419615596299	2136.359811934368	836.488497038404	676.0823275246149
PWY-5529	0.0	87.79600852617368	58.83212314120412	198.37817505564547	106.75572856087344	55.56698558899444	69.68416537385065	0.0	0.0	36.76176779114936	199.3038717656879	197.1870456026307	99.72566654661799	0.0	0.0	0.0	0.0	0.0	0.0	92.47581069416958	162.58250389230207	0.0	0.0	0.0	0.0	0.0	0.0	0.0	0.0	0.0
PWY-5531	231.21776614035315	191.56734257514972	174.67325636981053	179.80814234086372	91.35976112842862	49.400421579593456	62.7030909121609	106.22907827678436	102.21319979413116	64.62372236076276	146.2518160085363	155.64250200541656	166.9871768605283	0.0	11.453653888795776	10.349538433965048	91.20083336269029	45.549963290870004	97.66897290828847	69.05869545865212	109.66844228875273	23.719144118393686	46.21300832106617	27.238731304478094	52.542484222914446	88.58205518198203	70.51446112785743	45.64920114839039	166.5547232027739	182.2917266536543
PWY-5647	410.43497343883575	211.97319430274078	182.0188186573503	186.41071627833446	184.74758080255347	116.96798702642421	141.76758533722648	92.6600985221675	124.65863660238011	113.87564106752033	106.03590637256094	116.25695014474117	114.0277516814097	0.0	4.36521877994251	0.0	0.0	0.0	0.0	575.4484214277269	669.7418976422933	502.14550376090483	1.8224299065420564	0.0	0.0	0.0	0.0	0.0	253.77658815878215	172.39421123949776
PWY-5651	965.5943439969833	616.7896282322788	552.1378891766516	467.9235051705958	914.3171121972905	595.5136189313095	1053.9075429524173	1491.1427913902696	1891.6147369653884	1090.32206631703	1324.1537360295238	1109.3519067224702	1016.2388126698253	381.5749904535041	409.4022430711086	310.1526866141858	61.628921804515976	91.4047766667435	124.49270935543642	651.0342567777922	752.9802044637992	565.6703923149092	31.029584298154756	25.87207760059427	3.638461073508322	81.84124228128515	77.8623486901347	51.8794200772141	619.2556997788097	401.1091098235237
PWY-5654	381.4143474117982	188.29535125867986	161.1787502659763	170.13143581145937	156.02193784277878	98.90563040162684	117.52280419398357	75.30275229357798	101.3734335839599	93.52941176470588	86.45021084779806	95.32480656796344	93.65105495856464	0.0	3.5	0.0	0.0	0.0	0.0	573.9551562836119	666.3480949042438	503.75734023581896	1.5	0.0	0.0	0.0	0.0	0.0	231.58554208871521	159.87702068600885
PWY-5655	527.0640245945722	284.7535784722124	240.39138798210413	232.16003849892726	214.5610496348483	149.27385732618177	151.14164316598453	124.86383434807868	129.75398037961065	94.25722656182272	203.92469842896938	205.69573645909455	207.0150475370162	0.0	9.988150619854883	0.0	0.0	0.0	0.0	39.24960866786262	138.24579787827918	91.50895609980932	4.185208746168692	0.0	0.0	0.0	0.0	0.0	323.99709704004846	233.79670044348532
PWY-5659	3454.2265059438155	2154.168404241378	1864.0229861656485	1776.936400999878	7427.370746304498	5581.345536894558	6729.5150854161075	6692.034056657996	7867.623596065448	4512.072108549797	3776.6784023119462	3123.1595578647702	2892.84599635805	1958.8176049316255	2118.5244657949106	1560.8401334327755	3729.232729811261	4128.011936422058	4955.25516297775	15475.217943150616	16163.098214537551	12987.137368556603	8209.301388784674	6973.961190199893	6350.499059199456	3440.6450699990473	4245.187065498237	2744.735881797848	1989.9534151721823	1585.847120704212
PWY-5667	4324.486583403292	2528.130090819632	2255.8463764691633	2161.5387536221133	13249.011996838623	10049.726813359097	11836.823347653733	10682.295447638679	12481.378986968235	7225.145748443293	5958.6139329881835	5016.364534542905	4771.407602067948	6173.53284753386	7263.270594645109	6780.351958140311	7170.450364986512	8076.92607702985	9640.940095512256	12493.530545529551	12898.378734609885	10563.568286672635	14815.008055445716	12732.75319499947	11135.403471255497	4915.71388700818	6110.066273480905	4036.338862653513	2479.7001307983114	1943.520916929533
PWY-5676	358.0380371317501	169.14874508239612	182.16950985451797	166.08048794387744	4106.6990700073975	3155.035796193718	3762.886482855778	3408.051707303659	3988.18865753881	2288.6074230136314	866.9222242036501	632.4378331503118	658.1969194296789	430.431704736615	414.7292214029341	398.9551740229672	1793.608699708769	1848.750912388444	2168.7055297923253	106.44711551619298	139.32102922928829	42.348965029726415	2282.9895176306313	1860.8879375695826	1786.8660296586397	1101.6477220129857	1372.5052998883389	919.7507405838865	216.76863737749784	184.50811122869126
PWY-5677	0.0	0.0	0.0	0.0	0.0	0.0	0.0	0.0	0.0	0.0	0.0	0.0	0.0	0.0	0.0	0.0	0.0	0.0	0.0	0.0	6.211693639396647	0.0	0.0	0.0	0.0	0.0	0.0	0.0	0.0	0.0
PWY-5686	3762.2072769960027	2278.571355646224	2016.7231745602612	1914.652703962664	7934.41749862772	5941.6436417358145	7242.047077702715	7197.247037590624	8458.541272249124	4862.427346418346	4928.332597514886	4157.540071577309	3960.5648643700492	5508.203606894743	6534.833235734263	6306.3506439303255	4021.4543403489442	4456.744163990509	5342.462970630795	11764.85672023598	12104.545005724356	9956.565103590023	9012.03614221367	7645.436183909458	6983.647670090942	3519.2859738093416	4351.320490216617	2805.3423620702897	2183.6596814781483	1712.402970358903
PWY-5695	3692.593981238515	1849.3459748215798	1590.4491165053641	1687.4972156385181	9382.556810756714	7035.806204100936	8498.372478771757	8354.916942622584	9809.056216537114	5679.335306569253	5003.389606887728	4076.626762981179	4072.3232739484724	6599.411043596697	7839.997310336431	7466.107515845345	4388.089768983628	5003.56553339534	6003.143230831833	14747.398230078314	15481.764935178951	12536.10496491028	9603.145289436356	8233.385623444934	7061.046422366808	3515.7326783961075	4353.160435994313	2840.055552334635	1955.0245372314218	1485.312082419957
PWY-5705	100.68798459102557	53.013028869678685	26.826143360923822	23.124875841106487	1015.2299871926276	823.5945818871785	1011.7201681941665	1467.8993486595925	1645.17735004781	899.5181867485312	86.68880422547407	43.27044564809353	54.147965191662664	16.985343413562244	0.0	0.0	54.91297966329361	56.14467890997315	64.25791551700483	93.27661368566835	141.5452780292148	48.42399257625886	33.797182747037645	25.859598519398897	11.962247553204246	0.0	0.0	0.0	46.5104578111415	0.0
PWY-5741	286.2419322588183	100.0050819168742	57.951925737774246	126.9623058587292	0.0	0.0	0.0	0.0	0.0	0.0	45.35245528538694	66.17109995698075	34.29552141766924	0.0	26.350439756178147	0.0	69.56748308523815	54.547621660924136	59.978215976148626	49.1878884667481	121.44950997924693	11.33303056930629	12.200126092471379	9.976376799182288	27.477741837636767	104.87788126591961	102.30177320640581	65.06065549122997	200.92621736216992	174.87728336110385
PWY-5743	0.0	0.0	0.0	0.0	0.0	0.0	0.0	0.0	0.0	0.0	0.0	0.0	0.0	0.0	0.0	0.0	0.0	0.0	0.0	0.0	0.0	0.0	39.76320531256517	0.0	18.62922776912627	0.0	0.0	0.0	0.0	0.0
PWY-5744	0.0	0.0	0.0	0.0	0.0	0.0	0.0	0.0	0.0	0.0	0.0	0.0	0.0	0.0	0.0	0.0	0.0	0.0	0.0	0.0	0.0	0.0	19.834256408529797	0.0	15.307945362947867	0.0	0.0	0.0	0.0	0.0
PWY-5747	869.0210495192703	448.4343851890696	382.50537009453075	345.16056109325507	5495.29125632828	4220.753913482976	4922.124332930053	4465.78978381726	5238.227246575733	3019.6017998494426	2309.329325923028	1965.5878453105395	1926.7562236982412	4245.189481261101	5066.635444775751	4949.910775984083	2992.89006032624	3410.1844704788155	4074.001781829493	8958.12711020071	9178.991224596588	7707.942537760543	7392.0999253757955	6316.434227424071	5740.780684899684	3001.038312526905	3745.784900143196	2393.194907207596	476.9527889183122	317.7713356086651
PWY-5837	620.0548259993428	540.7703884588985	434.9116318760985	374.4656055009837	145.38790979928683	111.64636658920405	77.82672873756272	0.0	0.0	26.66480018097062	1710.428605827323	1417.7809712493945	1485.1753336014244	4164.716729178792	5060.530908377371	5047.098542469406	21.284366023799752	0.0	30.056404230317273	5207.257664828194	5477.225735609979	4369.333362890647	262.9500258555201	233.37576098021762	199.01437116454204	68.96313629940062	76.86356000993955	51.433406990759345	425.52195846504344	359.1705840346847
PWY-5838	1257.0863441399129	992.3587423508657	842.7299734553247	732.4453186427164	421.07789046796313	317.4916048371415	243.95273752018417	0.0	0.0	88.26615174670262	2614.676978612241	2179.022663007711	2199.184248979923	4318.8597989080245	5174.671907051775	5078.040838880802	62.90503393214889	0.0	86.94859056037608	7290.675022605752	7588.033881618388	6180.962237692447	785.2200789634916	689.5102932520759	601.205899538784	219.3185735982547	246.19569902882074	163.83697298106367	826.7234921534769	672.3381064336053
PWY-5840	1101.0821182650009	892.0179573426108	703.9223197406558	650.0212588340621	321.98019993762796	249.438160773473	182.45128635111155	0.0	0.0	71.823713571954	2421.6671309203634	2023.413162170694	2060.240147464544	4279.309659058901	5133.051282919321	5045.365344934283	0.0	0.0	0.0	1937.3933588839238	1941.3350624399907	1683.1357348036604	96.49795160147424	0.0	0.0	0.0	0.0	0.0	669.0279293453882	529.7873053389962
PWY-5845	160.90593816299003	358.173354674264	169.85394560127324	324.1323595377952	0.0	0.0	0.0	0.0	0.0	60.506518617699456	2421.6671309203634	2023.413162170694	2060.240147464544	4279.309659058901	5133.051282919321	5045.365344934283	0.0	0.0	0.0	1937.3933588839238	1941.3350624399907	1683.1357348036604	96.49795160147424	0.0	0.0	0.0	0.0	0.0	171.69163002261263	162.13709181070135
PWY-5850	160.90593816299003	358.173354674264	169.85394560127324	324.1323595377952	0.0	0.0	0.0	0.0	0.0	60.506518617699456	2421.6671309203634	2023.413162170694	2060.240147464544	4279.309659058901	5133.051282919321	5045.365344934283	0.0	0.0	0.0	1937.3933588839238	1941.3350624399907	1683.1357348036604	96.49795160147424	0.0	0.0	0.0	0.0	0.0	171.69163002261263	162.13709181070135
PWY-5855	2547.4128233629262	1319.8429592112163	1130.2524135569608	1087.2677691896263	6844.87364156972	5154.475844472031	6164.801228822184	5832.335371724132	6855.129634044934	3957.6076886551027	3543.546662125087	2990.554234002273	2894.454109799872	4930.6579535338005	5883.188528586597	5681.500919328661	3643.8301140471367	4049.182529789433	4885.834494646546	9948.961260619431	10260.965474505469	8451.34986698386	8542.754245021866	7264.775956688133	6595.594693099312	3232.9210292191074	3992.429301164078	2563.807080092596	1388.068241294538	1080.25603850352
PWY-5856	2547.4128233629262	1319.8429592112163	1130.2524135569608	1087.2677691896263	6844.87364156972	5154.475844472031	6164.801228822184	5832.335371724132	6855.129634044934	3957.6076886551027	3543.546662125087	2990.554234002273	2894.454109799872	4930.6579535338005	5883.188528586597	5681.500919328661	3643.8301140471367	4049.182529789433	4885.834494646546	9948.961260619431	10260.965474505469	8451.34986698386	8542.754245021866	7264.775956688133	6595.594693099312	3232.9210292191074	3992.429301164078	2563.807080092596	1388.068241294538	1080.25603850352
PWY-5857	2547.4128233629262	1319.8429592112163	1130.2524135569608	1087.2677691896263	6844.87364156972	5154.475844472031	6164.801228822184	5832.335371724132	6855.129634044934	3957.6076886551027	3543.546662125087	2990.554234002273	2894.454109799872	4930.6579535338005	5883.188528586597	5681.500919328661	3643.8301140471367	4049.182529789433	4885.834494646546	9948.961260619431	10260.965474505469	8451.34986698386	8542.754245021866	7264.775956688133	6595.594693099312	3232.9210292191074	3992.429301164078	2563.807080092596	1388.068241294538	1080.25603850352
PWY-5860	109.05796049746664	254.34916556149784	117.02293099791034	231.3440104925727	0.0	0.0	0.0	0.0	0.0	40.54338476621906	2000.9392275093476	1669.050875853951	1729.39983085938	4125.8016813889835	4960.734441164953	4952.339859471592	0.0	0.0	0.0	1388.6491320003975	1388.7787519483745	1208.904505603641	64.60571507355476	0.0	0.0	0.0	0.0	0.0	118.08888112780481	112.15097447943762
PWY-5861	961.1179660643862	796.6622051222715	669.2783257755108	573.801686371242	286.9453858805275	216.38552627415564	164.89930628563872	0.0	0.0	59.282881981421184	2202.439747623055	1830.8202613625606	1878.8660851064512	4181.175336451481	5019.25748136761	4999.7072684857185	42.206033804023065	0.0	58.348231662362515	6594.982953914576	6893.099559447409	5596.530388319684	542.1735516305715	476.65073316323407	415.17276682418463	149.99491320380983	167.97908210914073	111.87707634143884	646.8323900771708	527.3866298736966
PWY-5862	109.05796049746664	254.34916556149784	117.02293099791034	231.3440104925727	0.0	0.0	0.0	0.0	0.0	40.54338476621906	2000.9392275093476	1669.050875853951	1729.39983085938	4125.8016813889835	4960.734441164953	4952.339859471592	0.0	0.0	0.0	1388.6491320003975	1388.7787519483745	1208.904505603641	64.60571507355476	0.0	0.0	0.0	0.0	0.0	118.08888112780481	112.15097447943762
PWY-5863	676.1021834215246	584.8810920162372	473.3863555020777	409.3905035064585	165.56160373357537	127.12660352679646	88.75663688052207	0.0	0.0	30.43928940923316	1770.2872122397941	1466.8196220667203	1519.9431742109657	4098.957292653482	4982.3760760561545	4973.295577990952	24.294628333736345	0.0	34.30822743289544	3532.844032542023	3651.5524193730685	2924.6581655814475	298.15752102724366	264.6054375891552	225.45207119590785	78.24369755017429	87.28529468593192	58.40435578702199	462.59056583031906	388.867298807629
PWY-5896	160.90593816299003	358.173354674264	169.85394560127324	324.1323595377952	0.0	0.0	0.0	0.0	0.0	60.506518617699456	2421.6671309203634	2023.413162170694	2060.240147464544	4279.309659058901	5133.051282919321	5045.365344934283	0.0	0.0	0.0	1937.3933588839238	1941.3350624399907	1683.1357348036604	96.49795160147424	0.0	0.0	0.0	0.0	0.0	171.69163002261263	162.13709181070135
PWY-5897	1179.0156019681945	943.7425259852428	796.7412645114644	690.6847536978141	376.66095168372806	284.56332516066135	216.10391274606698	0.0	0.0	77.63118723574202	2522.5282100744525	2100.1290738183534	2127.865519202233	4302.953516723982	5160.420519921212	5070.438247557502	56.04806003281878	0.0	77.65367166325737	7114.570235664466	7411.542853037917	6028.610392225822	701.0777171078549	616.441893299344	536.0513356113574	194.19768013379272	217.75757194403246	145.01898244940872	779.5159118815761	636.1621945515519
PWY-5898	1179.0156019681945	943.7425259852428	796.7412645114644	690.6847536978141	376.66095168372806	284.56332516066135	216.10391274606698	0.0	0.0	77.63118723574202	2522.5282100744525	2100.1290738183534	2127.865519202233	4302.953516723982	5160.420519921212	5070.438247557502	56.04806003281878	0.0	77.65367166325737	7114.570235664466	7411.542853037917	6028.610392225822	701.0777171078549	616.441893299344	536.0513356113574	194.19768013379272	217.75757194403246	145.01898244940872	779.5159118815761	636.1621945515519
PWY-5899	1179.0156019681945	943.7425259852428	796.7412645114644	690.6847536978141	376.66095168372806	284.56332516066135	216.10391274606698	0.0	0.0	77.63118723574202	2522.5282100744525	2100.1290738183534	2127.865519202233	4302.953516723982	5160.420519921212	5070.438247557502	56.04806003281878	0.0	77.65367166325737	7114.570235664466	7411.542853037917	6028.610392225822	701.0777171078549	616.441893299344	536.0513356113574	194.19768013379272	217.75757194403246	145.01898244940872	779.5159118815761	636.1621945515519
PWY-5910	95.13248756383244	98.73567390071587	74.75010831432483	107.70630449877596	0.0	0.0	0.0	0.0	0.0	0.0	0.0	0.0	57.952176537400675	0.0	0.0	0.0	0.0	0.0	0.0	37.13573427927623	0.0	0.0	18.952463754972683	0.0	0.0	0.0	30.893511605941875	0.0	85.67421242741385	78.08135650340691
PWY-5913	2885.8717665955696	1809.2283513858495	1490.7174140480654	1383.5031266363824	6866.758506599361	5139.1207423442675	6248.580185785651	6160.940329186761	7304.656594826825	4245.307558578581	4295.564604325627	3590.975612419044	3446.6884160471805	5333.321412525016	6354.49574490313	6082.090119279376	3311.7399933973397	3710.633144958677	4462.508587857021	9203.364648890998	9499.7659304043	7789.667955767353	7748.76117424113	6581.469850162412	5963.52640043147	2884.351310374702	3568.948425530008	2295.2335710785646	1657.2171733613122	1334.2830890960622
PWY-5918	3042.944990054546	1746.1926636669752	1622.7747372388287	1502.5175340673923	6840.318861330295	5121.859378498325	6268.713554019198	6276.4316984994975	7380.770272030348	4233.099888938606	4251.422992022892	3571.289873918517	3385.860355197367	4626.427111999679	5496.399738547871	5283.39818954559	3399.0482813932626	3784.5127754410723	4542.728002043932	9109.366109229917	9445.582601463606	7767.378709977685	7758.870538945547	6580.0440796861985	6015.3742289182155	3014.0668999799077	3730.6779703767124	2398.6548527780737	1774.4916804256466	1375.2352124967574
PWY-5920	1126.1392611526458	652.5788822259301	404.2329252100978	436.20791068378554	316.25218813874847	160.02601415043483	233.10392753788778	388.68713662121405	376.7142573815877	237.37052500857482	780.8499694019885	706.5717409015687	607.3133661699828	385.31817011979683	278.9595542153953	366.8599300370994	877.5798534992496	888.4885474039799	1098.9145399759727	415.36339430635815	725.5194252294547	201.98049429646503	1964.7970217732536	1604.3906253520365	1440.687276197253	674.5235312387825	656.462575527703	461.4585526147498	569.6121513924624	687.7882601369042
PWY-5941	96.74050484270971	108.97368132252436	100.07571397448469	11.851237228292339	9.89123272815832	0.0	0.0	0.0	0.0	0.0	77.19395895322103	42.264720506397474	58.88687019102828	31.809807494636466	60.54622474918556	61.63029996923259	32.879113672717864	42.20798701685379	40.891763942767874	3216.4280199856375	3276.9038422861317	3109.2355791484497	822.3984528438262	733.5690049822311	662.061292650568	1665.7594080306553	2019.5743283266036	1266.7677437541247	7.938666660206977	98.2828543436556
PWY-5971	0.0	0.0	0.0	0.0	481.76443569178434	0.0	0.0	0.0	0.0	0.0	0.0	0.0	0.0	0.0	0.0	0.0	0.0	0.0	0.0	0.0	0.0	0.0	0.0	0.0	0.0	0.0	0.0	0.0	0.0	0.0
PWY-5973	5239.681213589646	3019.838196058358	2814.639638689236	2749.205315746125	11343.928039291239	8423.032554917385	10452.745582420355	10623.857667332828	12487.452751690707	7244.690869773024	7502.613582617916	6357.36339497178	6113.026091862574	9608.362699589661	11446.863976204504	11019.375446021355	5369.730961083861	5911.805208058253	7143.546536596642	17873.309772383484	18571.462360182748	15265.680009296233	11391.720118925516	9674.698475066314	8789.012369427093	5605.42425171249	6953.644697279154	4467.820731632606	3055.9154116413247	2469.30697874738
PWY-5989	3606.78954734986	1873.302340521229	1839.7267810374049	1799.8957389259194	12383.877377420475	9233.306570089178	11374.007910239203	11260.937932147499	13159.266443117322	7674.010966934854	7327.8208462126095	6184.129497193206	5966.562851054413	9976.504628357656	11821.029825319674	11484.559096400097	6031.26783484864	6625.222815352263	7986.769952921481	19224.60540796229	19907.706882516097	16446.666880677578	12577.709141202422	10696.752072307165	9714.442835116459	5909.634949434382	7343.625603762935	4732.251345184344	2130.13891066473	1579.3738012618312
PWY-6071	0.0	38.57393259729257	0.0	0.0	1053.8173966417403	800.0718344909359	782.3365078020001	499.8637396592247	733.2961953848535	502.98984701276675	0.0	97.915688351025	0.0	0.0	21.52666408429847	0.0	0.0	113.53418986044144	0.0	0.0	0.0	0.0	0.0	0.0	0.0	247.13589516358	299.2472394451856	209.0131807017962	0.0	0.0
PWY-6107	0.0	0.0	16.284569732937683	0.0	0.0	0.0	0.0	0.0	0.0	0.0	13.408440090429542	0.0	13.366630076838641	0.0	0.0	0.0	34.360344631267324	0.0	46.7557287816679	0.0	0.0	0.0	23.013479408053232	14.529411764705882	8.4	0.0	0.0	0.0	0.0	0.0
PWY-6121	3699.2390012679175	2248.267196447496	1965.202339628087	1871.909339373847	7915.5586410223095	5929.574336921686	7200.155846968754	7057.206759601417	8282.31412599634	4771.556140119052	4673.461825128354	3977.9766211463166	3762.75084551831	5149.3564784908285	6120.743560550148	5847.513445377159	3736.237118001182	4171.568975677239	4994.351626025486	10324.826883543388	10575.673096883742	8678.090034283825	8774.402563576485	7415.212222961801	6756.392776822939	3356.6423705566813	4125.834729724578	2672.7374804164415	2129.218790634977	1681.4300071225052
PWY-6122	3624.5745654652014	2217.1131704599406	1941.6692003420583	1843.580713455059	7248.382737640961	5429.670628699052	6589.658749495447	6449.2626515280035	7561.989344200001	4357.563739872917	4282.3918699599535	3660.2190484645457	3455.3320750346747	4650.245232798968	5530.534514831956	5270.032908487922	3379.5877406309683	3778.9589892189156	4522.73361874995	9511.860640645147	9730.731009592737	8001.772327170581	7967.254889972846	6729.549103635985	6121.241808192941	3143.5950896630125	3862.284636307089	2503.8855438859946	2106.922836349331	1668.7818167790554
PWY-6123	3174.4494704929784	1917.225142177476	1700.642383701635	1623.3163075792165	6444.243574007441	4823.818921045057	5885.540355814771	5871.343638868113	6904.71208094762	3966.135481621281	4233.496716871023	3591.6692072546616	3424.5320424113256	4968.069946706981	5913.764718101057	5676.251504709022	3275.262229124717	3652.2958897474064	4383.24804106786	9208.59827932881	9487.090187076969	7812.16655107852	7505.563801488629	6368.797035557408	5791.409137248271	2899.0	3581.87	2303.5	1848.0708201995058	1457.8577988132242
PWY-6125	3545.552258510733	2170.605919634114	1903.8880564396327	1822.6126425442117	7016.872298342849	5250.640826514768	6395.778529451533	6371.675918082486	7499.353623523714	4314.699013772861	4541.5665414389105	3829.628017114959	3655.10844675193	5066.232005032301	6019.235043449879	5785.388037984758	3610.5853519977704	4009.351800151544	4812.87070780716	9934.869501421541	10233.710588344982	8390.454072194587	8081.040071187826	6853.42522446889	6248.499061049324	3140.7812660649197	3875.1899494449867	2494.20426035473	2071.5964162904643	1620.2278404533383
PWY-6126	3812.9828632694225	2308.072428075374	2040.2191821014112	1950.3847611155677	7903.758280385462	5915.123766622805	7216.5657604423395	7226.930133653343	8492.481100414318	4883.362293441939	4953.836214839329	4199.555102995265	4000.4458863545465	5638.9460671196	6702.3628656784385	6453.364976915522	3974.6563169011183	4407.195108398631	5293.325980738062	12006.90651491681	12374.435708662026	10157.639594412358	9059.713974597702	7679.915950719186	7022.645318622601	3537.308121576348	4365.477101183683	2808.283220438421	2225.067042877324	1752.9966960247968
PWY-6147	3463.6241274200784	2152.0937092956365	1837.4523579984518	1753.7041891856227	8494.014056942815	6405.802381009199	7681.868954043328	7286.606524363623	8547.977253609333	4905.372362409496	4836.419670741608	4038.667189866168	3890.455926814785	5398.038361654441	6394.336196034661	6166.576204226977	4453.740763798563	4928.363331236274	5913.195575129182	12396.062996608465	12841.888098661651	10594.5794151909	10018.34755914532	8498.979466956933	7779.944681738272	3905.726874827259	4837.730848718201	3123.369977190644	1961.282434087586	1541.461620541594
PWY-6151	1864.614819179427	886.6988598899234	884.8285397704311	843.490095705144	2338.981839379961	1800.7184085727458	2244.7222935555696	2800.355674849673	3228.0517937566005	1925.07006009292	2826.670650874303	2354.4324240339915	2254.449456343292	4213.551178315182	5065.647524897995	4898.580301484272	1284.4805907951911	1405.391939785412	1752.5675602801791	9069.30160025226	9397.470035806899	7738.138827432939	4433.7398808175685	3704.3794275379582	3562.76404703788	2360.809489036802	2919.4231502923485	1785.7875818925752	1091.6161026999098	787.5181010183044
PWY-6163	3357.293393462945	2034.0875333602817	1809.0532898733084	1703.529593372253	7592.917972045135	5689.829961023814	6867.997962468568	6568.0846449753335	7720.7319243509155	4457.775768663296	4422.503670133784	3721.2634903936346	3560.012689521192	4714.782529325837	5582.645371742258	5345.9515100683775	3968.760331805728	4393.152669205292	5279.924392986965	9336.487273257022	9587.102001131687	7857.868691093377	8732.628003239894	7420.632101820415	6745.624906033259	3476.7331849993584	4316.548392730193	2799.4497288610287	1963.4112320929373	1516.2306545664205
PWY-6174	0.0	9.711181327989461	0.0	0.0	0.0	0.0	0.0	0.0	0.0	0.0	0.0	0.0	0.0	0.0	0.0	0.0	0.0	0.0	0.0	0.0	0.0	0.0	0.0	0.0	0.0	0.0	0.0	0.0	0.0	0.0
PWY-6182	207.37348789883345	147.41521238429107	87.28796193688636	86.58547626787309	1065.937066836837	787.4772856941645	799.3105093760108	563.8890789123672	772.0675577310036	548.1652224006783	615.9423617858987	450.2056360206118	466.8263909650838	131.85812419401867	138.63055281479103	161.8635831752417	1179.9613310357154	1167.6290935772774	1628.207371928591	15.397730197589539	14.48224281677719	12.451348030357787	503.09762363224917	551.0990521768516	325.6493035301316	245.15808004040056	279.92517485713427	189.1784039364358	100.36509361905073	127.12522557237924
PWY-6185	146.25794849316586	73.75683428640878	41.65395171234239	55.24622796194482	1222.0643037762675	895.3282369609933	903.0265289270825	663.0773184349757	887.2360188470843	618.0884488211011	638.6814075606987	466.0061086194506	482.9845950885683	154.55615935077336	169.19608434019713	180.48017246161226	1411.4412236847174	1443.825710205571	1938.8556934352541	0.0	0.0	0.0	478.0990720192453	557.7331203919088	303.65439541738556	263.66740344737644	312.58074647685174	208.96848664295163	48.41891754655423	81.66169417179243
PWY-621	699.8925564724515	392.2110587271942	289.48602634115	338.11644415044174	6335.254933357593	4761.6409322930685	5733.775875131377	5182.773029147203	6053.754115703365	3536.769885914875	2795.042586910742	2270.5856921801283	2286.3803768149414	4424.441034606621	5255.879184019435	5148.589068114084	2724.666688439049	3025.9990605056355	3686.3103161366603	6138.933948205428	6321.439527678728	5254.797197048116	7338.570166821079	6200.420529612499	5658.500111905232	3075.5289147821995	3824.799589872938	2460.5615960327696	364.31147282687743	308.7057368829778
PWY-6210	237.09218966167776	153.8657570040266	117.51542603946169	128.64129255103293	0.0	0.0	0.0	0.0	0.0	0.0	66.16869568824274	79.7095858638264	77.08134210307219	0.0	0.0	0.0	0.0	0.0	0.0	13.829558824542561	55.54860233290291	45.798330999966936	0.0	0.0	0.0	0.0	0.0	0.0	170.27431796801505	105.8456519522887
PWY-6263	811.2926881874387	518.2322269627213	477.7620292546442	486.2873254076575	0.0	0.0	0.0	0.0	0.0	0.0	256.44320188071697	285.48489122269814	271.71397269016353	44.820681395599316	39.73189337003283	0.0	0.0	0.0	0.0	0.0	0.0	0.0	0.0	0.0	0.0	0.0	0.0	0.0	474.80075715242606	363.3999457281473
PWY-6269	1626.8497098759121	762.2479195808563	676.2675573819984	677.1576513381473	6336.85258179826	4753.469022816818	5789.737848192696	5590.310603562836	6584.085724774317	3759.2509879861636	2279.304984858838	1832.389754468901	1744.76614424666	877.4325455836973	925.1570485226467	742.5993900435553	3074.7643320927764	3449.975798614825	4100.568971121222	8567.432515142138	8961.68686607979	7396.731304878094	4948.307352623561	4342.661189598801	3603.834543943035	2599.21337242784	3298.7117118744427	2144.8754801315913	854.4214196625669	687.0035186452702
PWY-6277	3624.5745654652014	2217.1131704599406	1941.6692003420583	1843.580713455059	7248.382737640961	5429.670628699052	6589.658749495447	6449.2626515280035	7561.989344200001	4357.563739872917	4282.3918699599535	3660.2190484645457	3455.3320750346747	4650.245232798968	5530.534514831956	5270.032908487922	3379.5877406309683	3778.9589892189156	4522.73361874995	9511.860640645147	9730.731009592737	8001.772327170581	7967.254889972846	6729.549103635985	6121.241808192941	3143.5950896630125	3862.284636307089	2503.8855438859946	2106.922836349331	1668.7818167790554
PWY-6282	3538.006106602784	1861.415193278515	1830.7294663406558	1802.2357251321107	12284.389932085012	9160.21438825211	11293.43746190376	11151.291868566137	13008.38883328862	7584.127483509216	7265.081044134029	6164.927202126097	5909.770219557662	9669.753374908634	11446.886286506267	11098.732377052625	6023.788615512191	6631.37622985022	7987.960300526885	18952.082567785954	19595.928679842422	16249.9745020074	12739.674183038036	10835.654113287688	9870.061660472691	6166.676522622053	7664.188263117825	4931.4213011185575	2100.143248209278	1565.87570776248
PWY-6317	1344.1179306193992	956.6915626215992	832.7636207808172	747.3487064793493	2038.1050531148987	1321.781695002443	2109.3654234798937	2738.1757096284405	3389.100680410115	1900.3776586131935	3264.1883270256885	2725.06865695623	2748.6503204592705	5094.20570632577	6035.633293199502	5998.46592732086	85.06745257710378	82.76747812411423	83.55323034236777	8241.660658423942	8800.980307935646	6994.213854633041	516.0652171552173	413.51232707575736	366.2210332505484	124.39913710599987	132.8440474973338	84.57911175210903	785.119198326002	657.583964718321
PWY-6338	128.74149295012612	112.66533309268902	0.0	0.0	338.3520356086315	217.77728252213376	254.06343396874382	189.13004458469152	233.48764523141497	186.0480633138696	83.43727715606975	0.0	43.03840553492484	0.0	0.0	0.0	64.52115362055987	56.583785453937054	48.207225794404856	9.824184078101414	12.649873093252863	13.537642349792934	42.770693243855824	0.0	19.690173157275606	0.0	0.0	0.0	0.0	123.85554586231403
PWY-6339	575.4395324123274	340.12583839029065	0.0	0.0	1076.9041143882894	801.488882232839	778.8995094381035	486.4774278272797	702.7483119303853	514.6316758643472	0.0	0.0	0.0	0.0	0.0	0.0	385.5750403263448	317.28138567540753	417.9154895945712	0.0	0.0	0.0	0.0	0.0	0.0	0.0	0.0	0.0	0.0	254.62429744920016
PWY-6353	2485.4086843278205	1450.2756165483297	1195.5814765056477	1223.0396393960705	2681.835344748742	1801.0144388193635	2776.890316971169	3553.2409428899855	4211.069152903855	2383.3083083062234	3901.894349037474	3314.9987718125208	3272.9299134055195	6381.522337877529	7693.230310307496	7465.131747408731	717.4201089783801	589.623655706482	928.962379937763	14275.30013210325	14929.904324914085	12141.300009317889	5955.906885786819	4967.009261429895	4701.371195485578	3439.6131946516243	4240.1124896501415	2725.0490254207252	1400.235869141934	1106.6917510393448
PWY-6383	432.1486953905079	406.3818316361214	245.4662944389912	267.94798902638195	100.35716392207821	78.55248162483572	49.22709294582191	0.0	0.0	0.0	86.13126124352827	41.49372824656989	85.62124004143305	17.83553221130527	0.0	0.0	0.0	0.0	0.0	0.0	0.0	0.0	0.0	0.0	0.0	0.0	0.0	0.0	246.3365518842806	199.21093542951502
PWY-6385	3035.6276032506125	1857.4761713778707	1629.1200380780253	1505.4675268920294	6432.768383637088	4815.775099465987	5875.199917573049	5862.128045017382	6894.882825028341	3961.5346541733347	4062.155663108456	3412.8737611168463	3263.386509210412	4574.8118665714455	5433.799856061986	5241.868860204919	3259.6554512409416	3610.5149791569015	4341.228228727141	9106.87919867948	9410.76572459237	7748.218047907064	7463.30074041149	6327.925191453748	5777.767077450257	2876.772263595084	3560.745476932064	2289.1485141474	1727.2184150672801	1349.2184527474903
PWY-6386	3009.080092417392	1841.0551123386851	1605.5213788877938	1480.437821319422	6443.484016029654	4822.10477258698	5883.090004561836	5868.833048807621	6902.956006931287	3968.9005666145877	4056.915740332372	3404.350473621818	3261.2928619038266	4573.032887499661	5432.134009920632	5243.34100631377	3261.6177845051307	3610.1085822255345	4337.72418726209	9097.57650437451	9400.169220589245	7743.9529694654775	6684.301210608303	5711.153994820149	5087.531765761768	2842.8176790830953	3525.7103515288036	2277.8573849406826	1697.739290952122	1328.4122002106674
PWY-6387	3072.2794936938853	1871.7883008893716	1635.5274878199764	1513.3042508446842	6444.460784888187	4823.066152705872	5882.595798742122	5875.326993374758	6907.551356441663	3967.886332183169	4100.85179543206	3468.473567312762	3307.211675296401	4577.637086960967	5428.409018304412	5247.28642709927	3280.9370691164536	3626.2351273344475	4361.1871238334825	9203.56684425447	9464.452877901076	7791.969652187404	7447.804368144257	6304.535761719265	5792.158371717465	2903.9403544648944	3586.084991471971	2308.060897950447	1751.4014936688804	1376.222045846141
PWY-6396	141.99023928846543	103.07075086314822	86.96616505646463	72.808245793729	67.96845050688869	0.0	0.0	0.0	0.0	0.0	197.48906706788543	93.7205659545034	186.53232513349096	70.95630522533398	39.4941084461083	65.93516672408437	204.60809358794978	136.470196431811	280.72906603401634	0.0	0.0	0.0	35.60332476469272	25.73915439478895	20.361348858852967	0.0	0.0	0.0	47.71929824561404	109.41457189626833
PWY-6397	0.0	0.0	12.452949641723222	0.0	53.102062851947814	41.868691637063066	25.530813236143683	0.0	0.0	0.0	0.0	0.0	0.0	0.0	0.0	0.0	0.0	0.0	0.0	0.0	0.0	0.0	0.0	0.0	0.0	0.0	0.0	0.0	0.0	0.0
PWY-6404	0.0	0.0	45.989196737436764	0.0	0.0	0.0	0.0	0.0	0.0	0.0	0.0	0.0	0.0	0.0	0.0	0.0	0.0	0.0	0.0	0.0	0.0	0.0	0.0	0.0	0.0	0.0	0.0	0.0	0.0	0.0
PWY-6467	2865.17	1584.4100000000003	1479.58	1483.7500000000002	6330.42	4749.83	5815.079999999999	5810.92	6842.67	3914.8299999999995	3948.110000000001	3376.7	3185.0	4519.35	5383.28	5200.31	3240.7200000000003	3552.4499999999994	4300.12	9020.12	9337.43	7637.68	7380.330000000001	6269.88	5774.41	2890.0000000000005	3586.87	2290.5	1723.2499999999998	1276.75
PWY-6471	24.796276506418828	0.0	0.0	0.0	0.0	0.0	0.0	0.0	0.0	0.0	0.0	0.0	0.0	0.0	0.0	0.0	0.0	0.0	0.0	0.0	0.0	0.0	0.0	0.0	0.0	0.0	0.0	0.0	0.0	0.0
PWY-6478	476.1685980896919	262.0150543608356	253.90393655308844	235.36261295248204	0.0	0.0	0.0	0.0	0.0	0.0	103.70071064050416	148.26388159668886	89.96009067833417	15.968783852892324	33.88308691784149	7.993391005034714	0.0	0.0	0.0	95.41210235078108	113.19386071097607	81.49434111103406	0.0	0.0	0.0	0.0	0.0	0.0	333.570862739314	252.01481675451566
PWY-6505	396.2652499405633	247.08270949607294	195.55988416418825	198.2940513072544	0.0	0.0	0.0	0.0	0.0	0.0	158.371338230519	171.4199191057172	169.83913643181623	0.0	0.0	0.0	0.0	0.0	0.0	25.547847858555233	93.76221705735828	60.415275995934024	0.0	0.0	0.0	0.0	0.0	0.0	263.43299935435226	186.2493936051925
PWY-6507	813.4715938334646	469.8863939210818	518.5672898831239	465.3922166421501	1355.8291664788674	819.9899519146888	1444.2216671229387	2028.0963842232914	2491.845032975293	1418.8691725803365	1301.7762978373405	1145.0001592535464	1011.3219362262328	491.28958766429827	502.608076927655	420.32836696220323	143.930876308298	158.65345633161925	163.95636589758516	303.70657955383336	253.89641174640494	258.68094410713826	234.12818491053807	184.47360910909865	186.17261257572721	38.05898285710773	8.980299066123605	23.784814754489148	515.5106914917105	358.5931046310343
PWY-6519	2637.80792229873	1409.3396538827947	1267.560454612225	1240.6136730324954	9792.355240592633	7386.494200224371	8863.831994117241	8394.351363384667	9803.96510268157	5685.140293623603	5073.634265068043	4234.512263346049	4117.801897714259	7234.787545427127	8605.224214255853	8387.71860201957	5062.862346197329	5605.000781805871	6718.1464022870205	14403.830613567228	14982.898714164701	12425.755258751056	11203.186432830278	9533.474495176893	8711.865634468862	4791.705969520643	5956.006475733083	3833.2258911988174	1476.9661791892183	1061.8572084955395
PWY-6545	1562.4501185410386	969.7978080447442	791.7561001185209	713.0330089466789	228.31379021500152	179.80214640382584	111.03457255547957	0.0	0.0	0.0	632.790136615745	725.1534607849763	537.48659201922	143.3024533120926	66.96574156158367	97.81651532743389	165.24936470352807	110.22836490834997	153.80286281051693	2053.1799768536516	1569.8936603889038	1307.0679466742133	13.483749223022976	0.0	71.407828446726	184.3207158889949	148.27099915619507	95.9283070261893	899.5168528591553	755.6503024235302
PWY-6562	133.57261955044382	114.55073357732736	26.2573821490158	7.080640312716564	0.0	0.0	0.0	0.0	0.0	0.0	405.50507934629	349.4541068047984	309.95218286339616	152.33285405822997	105.41808898765773	157.16115410068508	780.088184010487	887.9044934729162	1035.092105153202	5813.920599214203	6127.373468761953	4877.771667040025	146.16381081910097	207.50018107849948	89.80178908308405	80.8539979452769	83.76665502155369	55.805480657499395	90.49422290989217	72.87359176266854
PWY-6565	0.0	0.0	0.0	0.0	0.0	0.0	0.0	0.0	0.0	0.0	0.0	0.0	0.0	0.0	0.0	0.0	0.0	0.0	0.0	6859.403310846688	7200.526206960664	5737.037927367528	52.662348448400095	64.33356940745635	40.72368103059172	81.55182894290041	84.37280758088393	56.17212411901842	0.0	0.0
PWY-6581	226.0	175.1388101983003	113.0	174.0	0.0	0.0	0.0	0.0	0.0	0.0	194.1074168797954	125.61111111111113	127.64202334630352	0.0	0.0	0.0	0.0	0.0	0.0	12.0	38.0	0.0	0.0	0.0	21.333333333333332	43.0	34.0	22.0	126.0	99.05940594059406
PWY-6588	133.12867410675145	112.85064516421679	133.36143496463362	30.84708745216498	0.0	0.0	0.0	0.0	0.0	0.0	0.0	0.0	11.977467966889012	0.0	0.0	0.0	0.0	0.0	0.0	0.0	0.0	0.0	32.848724239874606	0.0	8.888079232710702	0.0	0.0	0.0	26.982964382892312	93.37391759013724
PWY-6590	196.69558184178905	154.08854524657747	165.1357145091865	148.16787101276245	0.0	0.0	0.0	0.0	0.0	0.0	0.0	0.0	13.302580212703853	0.0	0.0	0.0	0.0	0.0	0.0	0.0	0.0	0.0	0.0	0.0	0.0	0.0	0.0	0.0	61.50309847309334	83.67593967820068
PWY-6608	2435.501354409258	1450.1759991321335	1235.5669620535825	1232.4789485707745	8301.643140359485	6386.305447274442	7420.0379157154675	6572.691615040612	7693.572087388654	4480.926496345763	3553.998160578251	3049.8439190260747	3003.259253630364	6088.820269510076	7317.519729688186	7089.707249194738	4169.129574993568	4791.301065403914	5715.126194732084	14747.398230078314	15481.764935178951	12536.10496491028	6832.722524074574	6024.725226768804	4790.360417364613	3364.646670241984	4141.302940857069	2661.565819273421	1403.2855793483945	1110.3753946280037
PWY-6609	1803.4740276013254	1212.5951335926588	1022.9642098954431	996.2608911732777	1586.0460414660447	1053.8458096369377	1665.539423589706	2221.036009125916	2639.023315976002	1486.1339901716333	3025.1361367310624	2607.567911591591	2556.587015124793	4796.854004472232	5791.375799268662	5662.591098690928	409.60684851102224	332.05084994913256	528.4323624023159	13394.756455088536	14075.182396536558	11438.936949290975	3933.227787395442	3250.5271026858554	3206.314240808059	2738.134045492284	3361.0062328647723	2122.1698750422156	1092.620898536093	873.659055713038
PWY-6612	2939.9214445431076	1792.5407760154385	1589.8287202719882	1507.7048566275928	7421.440682047135	5590.010258379459	6715.33842055406	6464.969517894976	7580.264407482066	4349.2705555320845	4286.7765710105805	3614.9106447923905	3475.8378333778624	5392.8693560286665	6416.444296630654	6221.737507666297	3843.061093542569	4248.02137350146	5102.279915488608	10963.89144178807	11342.609456383472	9364.211921402877	9013.994054284793	7632.41432062661	7033.707809774451	3517.7369609810785	4353.728015078227	2799.5601686258874	1691.6674131264574	1338.6599395673318
PWY-6628	2929.5698903818598	1686.494073321668	1427.8040310360398	1430.9329283517536	7929.225104914521	5965.146314835376	7145.634607959256	6854.190588019634	8060.907918912084	4634.152145500208	4428.6433956226865	3704.4054440953673	3583.337408153837	5265.77710448974	6248.271917706799	6004.614665893882	4074.178192293761	4528.798339050131	5440.894470646649	9794.996829012842	10145.741768677486	8228.868534391298	9130.018690571278	7769.405109772711	7021.467377176984	3418.8428588503884	4246.122695077145	2775.537119549779	1663.2091531408319	1305.9345744352386
PWY-6629	0.0	23.752515958772513	0.0	0.0	0.0	0.0	0.0	0.0	0.0	0.0	0.0	0.0	0.0	0.0	0.0	0.0	0.0	0.0	0.0	0.0	0.0	0.0	0.0	0.0	0.0	0.0	0.0	0.0	15.845969432788412	0.0
PWY-6630	2881.6484067930214	1662.0430793684711	1403.016316919801	1408.2294700414047	6185.510107639066	4542.3984038810495	5738.150452288202	6064.769582968165	7156.7576264860545	4105.958767671236	4279.142156436907	3587.1149755605443	3474.774961443883	5202.223461015068	6181.494525205544	5956.07178267308	2314.613240285991	2196.7241447504402	2839.787804605807	9205.779373468296	9546.64805957321	7747.333960192571	7720.3653740457075	6460.9364771858145	6094.571308033043	3083.6658014353434	3797.1148114985176	2459.469614953703	1638.9114750848007	1293.0930620603503
PWY-6641	11.845132885277174	0.0	0.0	0.0	0.0	0.0	0.0	0.0	0.0	0.0	0.0	0.0	0.0	0.0	0.0	0.0	9.630517293440658	0.0	10.86865355527058	22.46131855065238	0.0	0.0	15.748229913460142	21.650632826165992	55.4375358258151	179.601731374425	174.6574544576982	111.27170904905236	0.0	0.0
PWY-6690	0.0	2.99486301369863	20.96580725340834	0.0	0.0	0.0	0.0	0.0	0.0	0.0	0.0	0.0	0.0	0.0	0.0	0.0	15.20596492932433	15.338595106550907	17.390608508988997	0.0	0.0	0.0	0.0	0.0	0.0	0.0	0.0	0.0	3.1879073079795055	0.0
PWY-6700	3035.8675158350543	1759.810761068499	1632.3884744674292	1551.7486858148407	6419.156561238395	4808.1325136732175	5884.435256470859	5908.76913551962	6942.040769510245	3974.742810074722	4069.6297297023702	3435.0887697731146	3269.4644911152245	4562.544785733694	5446.15241813522	5230.305414867096	3266.2142681935175	3620.498317179896	4345.343714395989	8891.8455112062	9316.246808353817	7658.967654685775	7460.050963640648	6320.864158391438	5789.659902844035	2899.0	3581.87	2303.5	1786.9261381512786	1406.0228494735723
PWY-6703	2204.4474092482415	1269.1894959911888	1121.9218138813433	1085.6264048108612	7088.919604642826	5366.913260326175	6375.811973888014	5967.117915395084	6990.980289787317	4024.613588489975	3317.9724252422247	2760.8507582293955	2660.248491226158	4422.209175238741	5241.988193922397	5148.056602879897	3611.4137738671825	4055.1572661715204	4856.990660007956	8678.330577891598	9178.839358167956	7598.44657800729	8480.084365688313	7230.043204951409	6627.810190202409	3428.439823191214	4228.44243288126	2761.2063430884405	1236.0280317812253	994.1421294031709
PWY-6708	2547.4128233629262	1319.8429592112163	1130.2524135569608	1087.2677691896263	6844.87364156972	5154.475844472031	6164.801228822184	5832.335371724132	6855.129634044934	3957.6076886551027	3543.546662125087	2990.554234002273	2894.454109799872	4930.6579535338005	5883.188528586597	5681.500919328661	3643.8301140471367	4049.182529789433	4885.834494646546	9948.961260619431	10260.965474505469	8451.34986698386	8542.754245021866	7264.775956688133	6595.594693099312	3232.9210292191074	3992.429301164078	2563.807080092596	1388.068241294538	1080.25603850352
PWY-6731	0.0	0.0	26.313821500076227	0.0	0.0	0.0	0.0	0.0	0.0	0.0	0.0	0.0	0.0	0.0	0.0	0.0	0.0	0.0	0.0	0.0	0.0	0.0	0.0	0.0	0.0	0.0	0.0	0.0	0.0	0.0
PWY-6737	1078.053015278494	702.0510358052838	733.834742670795	805.2674241450834	1490.023867300342	1173.0978915014434	1137.9219775134263	815.1950077804162	1045.1176809102346	661.0425699252502	2525.1692226906875	2193.2570996390846	2114.8083305157597	4251.5533636353	5057.2818962794745	4951.15393075377	1412.2395590187737	1518.6421056942302	2115.077811024578	8280.530357730855	8719.727983410177	7109.268130156312	5908.875267299239	4963.982044549729	4543.33624827453	2449.9467262673115	2996.678535923093	1904.5501607844867	846.9921887699666	617.0027461204776
PWY-6749	69.03639551210588	31.651783908096366	19.83572104989982	13.920768135788135	0.0	0.0	0.0	0.0	0.0	0.0	0.0	0.0	5.993220428845875	0.0	0.0	0.0	0.0	0.0	0.0	36.58943123545821	37.92680085749347	15.984223687420252	5.997585934607746	0.0	15.977998602132395	0.0	0.0	0.0	21.83219398851015	11.937486857639264
PWY-6876	133.12867410675145	90.17593051084647	86.92001629419056	30.84708745216498	0.0	0.0	0.0	0.0	0.0	0.0	0.0	0.0	11.977467966889012	0.0	0.0	0.0	0.0	0.0	0.0	0.0	0.0	0.0	32.848724239874606	0.0	8.8880792327107	0.0	0.0	0.0	26.982964382892312	66.93909924847202
PWY-6891	6.590325367420735	4.790896311297441	0.0	0.0	0.0	0.0	0.0	0.0	0.0	19.148184337952053	1832.8763751676865	1540.9823942323737	1624.801268309612	4311.778576112624	5184.9261303193	5107.771377018341	0.0	0.0	0.0	7561.92603068998	7941.215490561638	6423.395469941605	587.4539085144658	522.5592982872972	459.2521249848375	165.6164894273105	176.34193703831642	111.44364363721562	5.580038125294165	0.0
PWY-6892	1242.0120978625516	794.0359503534031	814.0116429217619	719.4807031823336	2087.5784832839136	1303.6257442939316	2214.0803788474236	2947.251415842573	3574.797354571857	2008.3636976238145	3177.7729463978976	2701.9977671429924	2662.9695890800663	4745.2321578327355	5666.669250614826	5528.968956626853	172.38549879523856	223.26518560817823	224.69084840901408	8052.8924852078735	8436.725886709768	6848.03081823871	1028.3098497612018	911.3457404422012	818.1820791341769	217.57879869228006	218.2090287852975	171.00123001965738	801.8362660837664	573.3641208606449
PWY-6895	32.67731254302153	23.703781857268822	0.0	0.0	0.0	0.0	0.0	0.0	0.0	94.09067925699216	3351.1509792255147	2823.2372988148663	2807.3535558994167	4638.228018609853	5521.487091774435	5313.77160230412	0.0	0.0	0.0	9832.330390052426	10213.8620163192	8315.141686349876	2097.922800609548	1851.5856839602943	1608.0868426510383	668.3190845698632	731.8106012609537	464.988774537729	27.554537402628736	0.0
PWY-6897	3285.5475970975012	1878.7208725374635	1726.5109640379094	1609.2601923537616	6896.022170004267	5127.754634345621	6357.155277960965	6529.028496990175	7698.512743572257	4404.314252877894	4237.370392455727	3556.5083636096124	3428.457354927173	4678.783342446449	5563.120169795877	5337.993302584729	3276.814861370254	3662.3872906022366	4359.505549906806	10301.267782333287	10635.553142369345	8696.687131384006	5637.3824808279305	4889.377021727951	4135.056599743981	2749.6456117122284	3421.1112168572745	2236.273371705194	1858.9816557436507	1403.5117800791622
PWY-6901	1762.3715121944163	936.4686394028988	933.6204208378645	913.5565134914359	251.50928959960083	227.57558329266448	244.02563690288676	2027.3994530142352	2351.0139607252936	997.9663793326841	1013.4564762169463	1060.2374412889224	753.1744752375978	153.5537708498449	461.8186939734041	89.66855600538425	592.45911698779	593.4754449996162	788.7483476669915	435.2942487237146	479.9649342164301	190.026365191092	194.6517293964864	135.8247250201801	58.97303807259581	0.0	0.0	0.0	1018.0857556913058	807.6614020518446
PWY-6906	0.0	0.0	0.0	0.0	0.0	0.0	0.0	0.0	0.0	0.0	0.0	0.0	0.0	0.0	0.0	0.0	0.0	0.0	0.0	5446.045247100457	5727.804206935435	4606.989570030881	39.31904623862225	45.09966699976718	29.1917580717076	57.52464862927472	59.27990424292045	39.47697621306945	0.0	0.0
PWY-6944	17.7258337463933	66.02088601725043	37.68591631025812	24.459566387086564	0.0	0.0	0.0	0.0	0.0	0.0	0.0	0.0	8.415584415584416	0.0	0.0	0.0	23.899162162651564	18.622544408167784	26.33079158537777	0.0	0.0	0.0	0.0	0.0	0.0	0.0	0.0	0.0	16.258495914277702	77.1302384924919
PWY-6948	0.0	0.0	22.80894147337837	0.0	0.0	0.0	0.0	0.0	0.0	0.0	0.0	0.0	0.0	0.0	0.0	0.0	0.0	0.0	0.0	0.0	0.0	0.0	0.0	0.0	0.0	0.0	0.0	0.0	0.0	0.0
PWY-6969	3880.3368303311076	2327.982098168813	2029.0815075114413	1904.625197799883	5180.845680926007	3735.647476589434	4988.3138797284755	6015.507928646349	7137.856530489414	4099.764492542602	5025.462244750469	4251.073015089453	4048.386227466108	5817.786836528321	6940.304285491112	6656.692253671281	2501.1524805792724	2605.5967450798707	3219.5387811848614	11559.651477276822	11998.159865186615	9851.69546432347	7272.068783380485	6012.034740070335	5842.266946956336	3151.734161122284	3824.6749129716295	2428.32668404902	2267.529358295852	1759.9693892743912
PWY-6992	0.0	6.88224475569494	0.0	0.0	0.0	0.0	0.0	0.0	0.0	0.0	0.0	0.0	0.0	0.0	0.0	0.0	0.0	0.0	0.0	0.0	0.0	0.0	0.0	0.0	0.0	0.0	0.0	0.0	0.0	0.0
PWY-7003	15.815737662561252	0.0	0.0	0.0	0.0	0.0	0.0	0.0	0.0	0.0	0.0	0.0	0.0	0.0	0.0	0.0	0.0	0.0	0.0	0.0	0.0	0.0	0.0	0.0	0.0	0.0	0.0	0.0	14.30085954330739	32.11790080075875
PWY-7007	226.64709375338802	184.2743645305624	246.09440669494083	86.20017567849301	165.1225206919234	123.35177962283883	163.03294249447617	310.17364588872465	396.6484527899789	267.8013223543583	640.953995111675	534.0787810120629	458.13728006162603	79.64752858951343	0.0	0.0	0.0	0.0	0.0	0.0	0.0	3.999482633692745	4.999332673963787	7.997991677440263	2.99969191749157	0.0	0.0	0.0	218.92793154513714	199.7669700112633
PWY-7024	0.0	0.0	0.0	0.0	0.0	0.0	0.0	0.0	0.0	0.0	0.0	0.0	0.0	0.0	0.0	0.0	0.0	0.0	0.0	0.0	0.0	0.0	22.434873956889785	0.0	19.777704635085776	0.0	0.0	0.0	0.0	0.0
PWY-7084	0.0	0.0	0.0	5.9480920298139885	0.0	0.0	0.0	0.0	0.0	0.0	0.0	0.0	0.0	0.0	0.0	0.0	0.0	0.0	0.0	0.0	0.0	0.0	0.0	0.0	0.0	0.0	0.0	0.0	0.0	0.0
PWY-7090	11.866162582551446	70.16896406270853	20.95668386784212	17.325716679242586	0.0	0.0	0.0	0.0	0.0	0.0	124.9482364540699	106.35499573840094	116.18861106768738	21.190714285714286	16.689053055742107	6.621927554980595	0.0	0.0	0.0	51.04937339574211	39.02367115964003	29.731865968377825	0.0	0.0	0.0	0.0	0.0	0.0	15.588169378229761	3.586335930593601
PWY-7094	4308.9565182187935	2314.2002327822634	1990.9957741449177	1843.4721554922314	15540.461348613031	11769.532016874635	13824.150177880154	12653.387673564543	14816.662686380783	8620.91279618554	6768.4577084921275	5483.588570045318	5430.127090823994	6682.309986499148	7990.765724573842	7840.0482878166	8205.314932748042	8953.522356477877	10825.409536728117	8638.65738500585	8995.64862356923	7386.705348542436	18001.968979030484	15354.196549782122	13912.00120543076	6314.88837098832	7831.05873157177	5122.496079910995	2393.2825361187006	1884.7532402638346
PWY-7097	128.74149295012612	112.66533309268902	0.0	0.0	338.3520356086315	217.77728252213376	254.06343396874382	189.13004458469152	233.48764523141494	186.04806331386956	83.43727715606975	0.0	43.038405534924834	0.0	0.0	0.0	64.52115362055987	56.58378545393706	48.207225794404856	9.824184078101414	12.649873093252866	13.537642349792934	42.77069324385582	0.0	19.690173157275606	0.0	0.0	0.0	0.0	123.85554586231403
PWY-7098	143.46622988563	124.46756612537924	0.0	0.0	371.85256287252804	239.82623505726133	280.16676125671927	210.33731183392976	259.42676636621405	205.95694588671068	93.34028954546402	0.0	48.21858607846745	0.0	0.0	0.0	72.26522565400212	63.384185512543894	54.09326230980244	10.240852117546424	12.986573124312494	14.013738774818828	47.74071706121764	0.0	22.03088008717031	0.0	0.0	0.0	0.0	136.3371145840687
PWY-7111	5206.518442472844	2959.143527441261	2585.7545641953798	2395.775384159138	12649.29878622003	9471.385843883261	11193.07437978792	10851.152709040545	12867.982157861403	7486.319747256051	6701.365105618552	5499.677950932863	5358.785048409367	7403.129394422851	8782.897043670013	8547.58559624976	6151.100307479089	6698.060321720778	8076.4178034893785	14333.055074577285	14675.762851837537	11913.51656470817	12452.016395813289	10550.316290752176	9583.538458344081	4819.104937154874	5950.19621419249	3871.7506707567272	2957.6503295839175	2403.359131933353
PWY-7159	231.21776614035315	191.56734257514972	174.67325636981053	179.80814234086372	91.35976112842862	49.400421579593456	62.7030909121609	106.22907827678436	102.21319979413116	64.62372236076276	146.2518160085363	155.64250200541656	166.9871768605283	0.0	11.453653888795776	10.349538433965048	91.20083336269029	45.549963290870004	97.66897290828847	69.05869545865212	109.66844228875273	23.719144118393686	46.21300832106617	27.238731304478094	52.542484222914446	88.58205518198203	70.51446112785743	45.64920114839039	166.5547232027739	182.2917266536543
PWY-7184	3105.705066664393	1867.0022848582453	1580.022770351205	1560.4369534802204	6955.34859681345	5238.042123193801	6287.460243248106	6083.219315753296	7139.227246361031	4112.199529722595	4120.284937687958	3455.4352007131583	3341.7717874024715	5238.655877503293	6242.3977411700025	6020.566156645481	3674.1020212171993	4095.202891723823	4912.752465251163	5450.827240949105	5291.461330867453	4188.794695818208	8402.904378618188	7123.570893350818	6506.382435325637	2761.8081001452424	3410.797964938605	2200.47664655003	1783.900232253672	1411.589494622958
PWY-7187	1890.2049832380637	1080.2445209647153	902.1509355079041	910.3075884576316	2363.47174469902	1878.1127282735497	2273.912270268896	2177.159873109772	2371.9526362555016	1546.875913305734	2953.415429496737	2475.111889637163	2453.704104319134	4375.668817483934	5226.826644815437	5063.732339187597	1742.9249183516997	1842.4401621454433	2515.0277021886504	6426.220943925848	6655.465939493571	5479.586969670876	6665.442016963287	5613.237826441859	5244.8565921889485	1603.6105040260188	1829.4996977448639	1107.706708198557	1078.2248278103766	809.6816506347102
PWY-7196	2030.4574095016985	1358.2226903634917	1246.914639029624	1082.0821422473139	3739.7717644615236	2672.953315372887	3756.617987658039	4506.485346555309	5330.665211081188	3069.9656134034844	3764.261992826573	3213.658813422685	3072.441286378653	4795.811624615656	5728.269359029628	5535.429944859008	561.898390558428	495.543327069149	777.4975751114588	9256.879655490253	9614.636160399645	7934.569775335837	5624.332497045951	4657.520184411295	4596.029321178888	2484.432851722138	3030.0686064038637	1917.8338739815613	1190.7399042292773	890.5700476642535
PWY-7197	2717.635378550461	1702.1342940936347	1530.591681827442	1402.295536262387	6350.731652125585	4763.111326754247	5814.43242233173	5833.280759211577	6851.942298410578	3915.970926581774	3906.333313433522	3347.6500775610043	3168.457538994801	4552.825784398783	5410.774409308824	5234.306943245625	3244.102791549278	3610.0658614572153	4328.838522373727	9215.01961698821	9488.898450708966	7810.417319306106	7460.808126763227	6322.167129269725	5789.659902844035	2899.0	3581.87	2303.5	1625.153694581281	1283.362657436785
PWY-7199	1865.5375545413956	1257.268555492824	1073.6862324063723	968.744227091519	1885.2081112518556	1308.554711727341	1969.4465633514621	2687.6323003913712	3186.3637957056785	1847.3884834166329	2958.124731150776	2523.469730225667	2455.118961932617	4204.367454907143	5075.512348519654	4938.3538081984525	387.57365139641945	327.23082463587684	460.07254586534333	7426.58414196495	7835.124873270164	6444.509513893298	3341.3188075853313	2679.3255737987542	2803.6275225868885	1707.846854656936	2042.391570081903	1285.4759030163425	1084.5826387543582	902.5225504431797
PWY-7200	2205.386875911698	1422.546405763024	1215.8623555801692	1127.3207058377293	3108.4555113880974	2206.818379124279	3115.298488694498	3765.599470757153	4444.2851359799515	2566.3564569089276	3275.84791302289	2781.898689270413	2688.465136393393	4355.647866137908	5217.484762837282	5058.953267794897	742.3630316778848	655.1299021772056	895.281984781078	8313.930638667802	8683.409431231305	7131.745838344266	4878.300273657282	3992.5551509601432	3973.5530186043447	2231.8696260745337	2707.300576688991	1719.4753803944623	1292.2305575402154	1047.7479046421895
PWY-7208	4088.4255086794888	2498.1363584176434	2227.509978430974	2083.4186736735105	8623.753216065828	6453.116844735185	7903.428512239445	7943.152612489529	9343.913110243862	5355.540536412167	5299.806916183148	4480.807677900359	4244.315279121005	5627.760889245298	6674.13530929811	6238.491576762943	4254.001957008838	4868.956731229535	5826.838147649195	10867.938320445448	11226.197461821386	9212.827441662494	9781.150318936743	8347.439786022194	7363.037939239877	3339.3096718876423	4149.924121502655	2677.7671757674657	2409.221569710831	1862.9623557229668
PWY-7211	3356.0366618434036	2014.9704119333176	1748.386955126797	1690.833862989955	7376.29639953041	5540.656356476938	6699.889039909253	6569.2710861353335	7714.866047877144	4437.231667244213	4474.831332564095	3765.6297390628597	3611.8682324517845	5374.593249923005	6393.050597507444	6156.204888793947	3819.7869548686867	4257.415248852479	5104.7445783661215	7396.229307988138	7315.7185793331655	5858.747953257698	8702.83745106037	7382.6252612498265	6730.533809716083	3089.6024028870143	3817.174371817586	2460.9350690260703	1943.1824061020905	1532.501277967043
PWY-7219	3767.407558316815	2282.260184376322	2014.0779918538237	1932.8527927273535	8071.82100239837	6034.792922272057	7356.419153038599	7348.237889724614	8629.98568649092	4975.301933052537	4885.48997529633	4138.417308081999	3940.3507000119625	5509.385796080444	6555.886088679766	6284.670962909391	3996.407484852912	4448.8927397799835	5337.495260666949	12880.276133185327	13302.215802077362	10887.132931217513	9147.995036058117	7756.134176716796	7083.686670478093	3594.597954915109	4428.996654749007	2850.215872376386	2191.960219283611	1737.9208216045513
PWY-722	0.0	0.0	0.0	0.0	0.0	0.0	0.0	0.0	0.0	0.0	0.0	0.0	0.0	0.0	0.0	0.0	9.118159961183457	0.0	8.060024804549254	0.0	0.0	0.0	0.0	0.0	0.0	0.0	0.0	0.0	0.0	0.0
PWY-7220	3875.4933252267742	2345.1212256139825	2077.63542951773	1974.261516851087	7750.232791581162	5800.173985689234	7082.776893016759	7098.771182378668	8353.89635755571	4801.851682405144	5051.007437740342	4286.871448515687	4083.651551312649	5824.73116206298	6920.061354951365	6692.900674001339	3946.020413917537	4364.948934508741	5249.686171562595	11057.101012893349	11374.055846782592	9348.57283873066	8944.622702909093	7580.591684779154	6950.529607124807	3480.2376196707764	4299.682072864244	2764.6796668257343	2270.7971182994797	1774.2531778040952
PWY-7221	3397.0292802861327	2112.5601980103456	1823.588830689995	1725.0625018726275	6551.895794352075	4902.292771696657	5962.058352317261	5917.127326488856	6965.001910247622	4009.614457973443	4231.426989850633	3555.9352900456574	3398.5238702820006	4615.461385011256	5483.8368442279325	5251.351855759958	3394.1906496210026	3778.486719620807	4530.1617100329895	9275.769015350901	9539.840911296551	7819.247755533706	7536.169053071462	6393.457083164826	5808.489057288423	2926.683531579829	3608.0338129007246	2323.704005072387	1977.3637675672123	1547.871525454094
PWY-7222	3875.4933252267742	2345.1212256139825	2077.63542951773	1974.261516851087	7750.232791581162	5800.173985689234	7082.776893016759	7098.771182378668	8353.89635755571	4801.851682405144	5051.007437740342	4286.871448515687	4083.651551312649	5824.73116206298	6920.061354951365	6692.900674001339	3946.020413917537	4364.948934508741	5249.686171562595	11057.101012893349	11374.055846782592	9348.57283873066	8944.622702909093	7580.591684779154	6950.529607124807	3480.2376196707764	4299.682072864244	2764.6796668257343	2270.7971182994797	1774.2531778040952
PWY-7228	3670.106427749937	2259.2613520604364	1967.3827503904301	1865.7077647810452	7126.608814096027	5331.881809375681	6492.687955743338	6465.381463468754	7611.208632080853	4381.347150952968	4625.7217518192165	3903.7616508499245	3729.979555695949	5161.022950625198	6133.025901721978	5887.874230475256	3675.693610781182	4087.3509010892312	4905.706277228489	10101.95822715106	10388.617026491022	8518.679610832802	8202.362686164337	6958.5408459232385	6331.988096707602	3185.0543763092373	3928.811794880151	2529.1011831897254	2140.366991039495	1673.9581153514573
PWY-7229	3949.7886557726256	2384.851159475649	2110.2130324613163	2022.47572772076	8219.467362167317	6150.421779408614	7503.423075437804	7518.732893140848	8834.496913859697	5082.509127688736	5133.370045643223	4350.564407960786	4147.155901049554	5869.523622505917	6978.535661450872	6712.879914280259	4124.392423714322	4578.974286712366	5499.279427573133	12647.76556403848	13038.228363481725	10695.030282111373	9405.527671975009	7975.21346080156	7280.881474125773	3672.061882799879	4530.673296093133	2914.7379493890526	2303.07477124044	1816.8411391166385
PWY-7234	3130.049427345016	1890.8213791836097	1659.2726053145593	1577.5309680866835	6444.243574007441	4823.818921045057	5885.540355814771	5871.343638868113	6904.71208094762	3966.135481621281	4206.055300902556	3552.708228489561	3398.2644071944796	4954.67885736153	5895.272598011205	5674.293316172546	3273.582040202541	3636.6265927944637	4366.720575134798	9125.892907206982	9437.79029279627	7739.234493095226	7478.501030390475	6339.387668599852	5789.740935122313	2899.0	3581.87	2303.5	1814.6615312064225	1431.4624554216493
PWY-7237	399.67	199.0	184.32999999999998	41.0	431.0	308.0	398.50000000000006	496.25	606.0	296.0	195.0	127.0	146.0	15.200000000000001	6.5	0.0	196.49999999999997	121.0	169.5	100.0	62.0	15.0	35.0	13.0	22.0	0.0	0.0	0.0	251.0	302.0
PWY-7242	1740.2845074414347	1036.3963680388113	1023.2484795131528	853.7234761932361	1601.8375665389283	1007.4654942849651	1682.6250116030997	2404.3257655652105	2915.566083092187	1654.6997442949541	2021.7734902028874	1671.040743974679	1531.4010754246647	565.4656318242993	543.8756321124124	453.93249549689415	93.88363813260533	109.68153776854308	111.59233838125296	292.1798079470408	250.02168738061602	245.22502625351126	235.7401736260964	175.61316615063478	178.30810516470143	38.05898285710773	23.86041372576024	23.784814754489148	1103.0766538536757	797.5383690382373
PWY-7254	1307.4243527618437	690.248156377682	821.745992430602	668.9764932783803	9917.35877463779	7465.618994297738	8959.591702979327	8609.974268467766	10161.228652475984	5885.578848507297	3844.7246091939464	3094.649280527708	3000.398836007652	2421.177507406416	2551.7589546196864	2129.7573574367752	4796.90759032924	5371.0996181041755	6467.743982467503	5375.903606226056	5442.503878185037	4516.28790339107	10362.824442761159	8866.662587881121	7851.126840088617	3486.675933101147	4391.675185405706	2911.6556147809347	736.676467764233	559.2111058376778
PWY-7255	7.975253097699818	0.0	23.394586005850798	0.0	103.13554522854926	81.29669871845229	49.77489656650854	0.0	0.0	0.0	11.971184140682102	0.0	0.0	0.0	0.0	0.0	0.0	0.0	0.0	0.0	0.0	0.0	0.0	0.0	0.0	0.0	0.0	0.0	9.928128283216246	13.783509031779795
PWY-7295	276.6158013918644	115.34979947161605	0.0	0.0	328.96957509138196	254.63585953490175	307.880108516081	472.1219588772073	517.7127550252213	243.68290198676317	0.0	0.0	0.0	0.0	0.0	0.0	0.0	0.0	0.0	0.0	0.0	0.0	0.0	0.0	0.0	0.0	0.0	0.0	137.56993278934075	0.0
PWY-7315	465.649466627466	311.57273772635546	265.7475800583672	229.70616666807956	249.0202705773277	171.87056849104633	231.68488360740454	227.76666952689132	228.30757415884938	146.4683838112659	440.9421769610931	224.26051185656715	221.01908062414034	136.0910727279191	211.11520826064591	0.0	80.99981409843011	280.885382007207	263.96839366506634	33.934069046392636	61.78866549991403	0.0	380.19320745310824	374.7365709344884	61.67186486399612	78.2443650406389	66.95220961557382	72.09126330556417	272.01288239636784	199.4358037120889
PWY-7323	2974.1827302404945	1802.011963245774	1686.5244666888516	1552.4785241818531	4100.272727540311	2844.392864311941	3808.1851563974274	4555.718170421474	5484.593840691145	3113.749863622978	2576.61059045746	2240.580664312789	2053.1963991649827	826.3434480045094	852.5112304016424	715.0818555051179	1172.651733284295	1113.8677313739875	1415.4447517131046	9979.465319250798	10264.89396345426	8033.020396016924	421.61479558973775	327.2182615437094	304.3203784972374	755.8240946089909	821.0223242517461	548.3513904633684	1747.6953391266436	1398.6641378495456
PWY-7328	1012.336523733335	573.0964119266496	455.1071367633263	523.8925851027196	808.1551575190955	562.3878663636128	657.4948496396889	1037.8060798830948	1135.7889293765004	606.1021366142309	2442.1271192933573	2089.52766069297	2041.283199222467	4457.059048618556	5341.94788955471	5201.601967045838	718.875827982625	1048.9292947753556	942.9913269524674	8622.003919038503	8884.659048449772	7328.067649031851	1726.7450461102012	1480.3196894579985	934.4505943079848	1428.7598340916131	1726.0658041973709	1013.7386549355107	549.3051079956379	473.0299507565972
PWY-7332	508.43202147936313	302.3320025874313	270.6272693339091	135.66458093910757	0.0	0.0	0.0	0.0	0.0	0.0	298.8759683371674	256.77543790240384	250.11033942622208	0.0	24.401283112303073	34.79304755594518	0.0	0.0	0.0	585.7748440428877	262.9489815447417	259.34561057827295	0.0	0.0	0.0	0.0	0.0	0.0	295.3616914277691	170.3455709913059
PWY-7347	104.03351508746232	19.771531951444686	29.343376821097948	50.29816669933321	121.7232480965915	89.93634651451538	119.6455876752765	81.55656734190265	86.07856586318738	31.89410483392101	103.71731868515057	107.10469741186549	53.58545311598033	15.731133419771174	10.492965257179602	14.985114924925872	61.131013554186914	77.47278997773448	55.2779274925254	5875.051748404579	6141.465666468269	4932.940633489227	71.79250616570042	65.79546669893638	22.473563202255036	156.81594484900546	161.63978546097846	125.75156288587664	28.264623677981934	16.79048573230253
PWY-7371	451.16555723393384	247.14902507075882	282.32289091102973	274.33	0.0	0.0	0.0	0.0	0.0	0.0	105.49999999999999	145.5	116.0	18.5	19.0	9.999999999999998	4.999999999999999	0.0	0.0	22.83	17.5	0.0	0.0	0.0	0.0	0.0	0.0	0.0	301.0	225.17000000000002
PWY-7373	0.0	0.0	18.990995953655748	0.0	0.0	0.0	0.0	0.0	0.0	0.0	0.0	0.0	0.0	0.0	0.0	0.0	0.0	0.0	0.0	4.528545861297539	0.0	0.0	0.0	0.0	0.0	0.0	0.0	0.0	0.0	0.0
PWY-7374	418.7447204012117	214.19782727821195	245.31174327333486	228.05282005371532	0.0	0.0	0.0	0.0	0.0	0.0	112.09843638948115	148.01343570057583	120.33724340175955	18.597883597883598	20.08130081300813	6.250000000000001	0.0	0.0	0.0	17.52834868887314	13.461538461538462	0.0	0.0	0.0	0.0	0.0	0.0	0.0	252.28323699421964	184.7133361147445
PWY-7376	312.837244000456	105.46635244328685	170.569950779386	0.0	5293.712348373058	4042.646833052515	4667.811568744293	3872.8338741579873	4517.962902774688	2647.2245944692954	868.6712568923011	696.6922026821999	658.0853046764832	443.37018068376346	495.68368514786187	323.157230573626	2675.8589629409594	3044.2769447001237	3613.7819228762864	100.0494403317259	214.41845192390292	46.92713061583687	4656.262715559921	4083.5864062140913	3361.8822871691264	1444.5717241200725	1819.6581518328035	1258.2464783673022	190.72570525883194	208.01770197218056
PWY-7377	31.53748344301958	24.584031817091084	64.28103718746571	34.108711795531846	0.0	0.0	0.0	0.0	0.0	0.0	73.29400338495147	0.0	28.8059576831544	0.0	0.0	0.0	0.0	0.0	0.0	0.0	0.0	0.0	0.0	0.0	0.0	0.0	0.0	0.0	0.0	36.12236544968914
PWY-7392	2155.544279652816	1381.0520919772382	1215.6411125446439	1141.9554594001827	2875.045571082094	1968.8524367511602	2949.4903880246575	3423.0290808697314	4055.9672712280285	2336.466524684025	2495.510326499855	2123.323966003129	1982.0506390109217	1401.882116383651	1534.5510682103597	1079.800709587395	293.31155406945203	1093.0689804130498	1294.39830247094	977.6632753843716	1041.193604955681	617.7566507346834	1746.7971627929298	1701.2091849803326	183.6109306517006	388.9599072367945	450.77587477160694	248.7184821591447	1269.633420529818	950.1877223380122
PWY-7400	2862.981336292674	1644.3885531253486	1539.5210328331395	1417.2867074727972	8199.736084033477	6197.591653046297	7368.883400129956	6694.315486347223	7822.37192145866	4510.670240193508	4033.5418624001136	3398.2731207200422	3276.249460347772	5272.089475272103	6266.504980976248	6032.306058388267	3519.3511294920972	3963.8558707746292	4786.52086177079	10533.627776561483	10868.342192938631	8925.332097199833	9125.000103211487	7721.436334465659	6960.343894961401	3572.5718888131323	4406.276368823872	2868.49059366778	1701.4242471863374	1271.990472253628
PWY-7431	733.8167980885224	382.6686073502662	447.1926580294216	336.99618740936467	1970.582987401359	1552.4194073591664	1762.8402103595865	2152.234096343209	2453.9084257459704	1483.3632178337778	185.57248264092146	105.98065280114733	161.62219415222282	186.91338799065633	249.63190184049077	0.0	165.96862594232402	397.4861802470638	473.82212926324195	64.59271398255129	97.67639970385825	70.55673225942797	479.5538412854371	441.96535419532324	34.5688710464927	192.75603077866276	226.24342245989305	154.01723037651567	258.05591321200245	273.99941317666656
PWY-7446	0.0	2.2857142857142856	0.0	0.0	0.0	0.0	0.0	0.0	0.0	0.0	0.0	0.0	0.0	0.0	0.0	0.0	0.0	0.0	0.0	0.0	0.0	0.0	0.0	0.0	0.0	0.0	0.0	0.0	1.5200000000000002	0.0
PWY-7456	245.08951623763724	254.88219816629572	293.7139109393718	0.0	0.0	0.0	0.0	0.0	0.0	0.0	1133.012062188145	1008.3509174894704	896.9304950328024	203.4515461679266	0.0	29.249057094996488	0.0	0.0	0.0	0.0	18.855386413624686	0.0	0.0	0.0	0.0	0.0	0.0	0.0	273.85407344174524	197.68838360703535
PWY-7527	0.0	0.0	26.436068378369498	0.0	0.0	0.0	0.0	0.0	0.0	21.524599055747515	0.0	0.0	0.0	0.0	14.754808189906564	0.0	0.0	0.0	0.0	0.0	0.0	0.0	0.0	0.0	0.0	0.0	0.0	0.0	0.0	0.0
PWY-7539	3421.0766429307623	2086.7622330781473	1822.177217352105	1737.0526692426433	8137.419127986566	6148.942380943965	7358.686420074898	6992.9771644491075	8198.300909725469	4709.384322457395	4887.713754296976	4099.531884642652	3947.946541565269	5946.301515067534	7091.640623508358	6860.705226570725	4285.794521925609	4760.7359469029925	5710.4942252475885	13022.170329531806	13462.246150084577	11091.279806264494	9927.505895757144	8409.171264246437	7713.577878279884	3874.041108056959	4787.084949391746	3079.6285331023514	1949.3366428325755	1533.7249254926855
PWY-7560	3097.732110397747	1855.048528908523	1645.592136179961	1611.533636385049	5793.2018736404625	4425.539131363885	5125.75823164115	4712.058718382005	5485.063067700078	3134.753090358318	2904.882593289629	2490.392882599904	2350.1286390440664	2160.818968293682	2512.3185949641907	1931.0668418123073	3245.3256580342913	3588.5489828507784	4304.30208680818	9079.335581364707	9390.890837815328	7735.44186430284	7466.257707440195	6319.78205574986	5792.255501983727	2900.5774921071757	3570.7250661805706	2303.1485087455194	1790.3253529622814	1399.757372733957
PWY-7616	0.0	0.0	0.0	0.0	153.87242223465503	121.28361593452313	74.43292445434987	0.0	0.0	0.0	17.80956065673694	0.0	0.0	0.0	0.0	0.0	0.0	0.0	0.0	0.0	0.0	0.0	0.0	0.0	0.0	0.0	0.0	0.0	0.0	0.0
PWY-7663	5295.6407621789285	3041.9163543633094	2853.4787996484642	2783.0095577650645	15315.080466416515	11526.965540564997	13857.12509792284	12778.898470593615	14847.555895509426	8672.23282698676	8126.756329648622	6918.143375472652	6628.496003242634	9845.407916683944	11704.81005242665	11322.547369345091	8040.484019884883	8917.293775222644	10704.55386181299	19473.531979287403	20061.018606737336	16576.773200170104	18041.932871870016	15417.97708240372	13930.85420710318	7066.382105717432	8800.193266813309	5709.251588517311	3092.548290916433	2508.0290552820725
PWY-7664	3685.404211568844	1955.860506503968	1916.8048986185906	1886.0958162748468	12502.374981987748	9330.06307990211	11476.689420897495	11250.581395891875	13122.134293333891	7650.744477379869	7348.056373695517	6249.598829578819	5977.011017575218	9666.756582126009	11441.87324719635	11091.77551505958	6177.552324488814	6804.361817426364	8195.01562234235	19068.00541129998	19704.492951160708	16338.138533432548	13195.457552609636	11225.676652898448	10225.19352347579	6218.482154656909	7728.910297101974	4976.152380352218	2184.8136321546704	1644.3510945970804
PWY-841	3606.0037599759553	2191.7460051335233	1928.7221830752906	1844.1276661444556	7385.1772270346955	5527.577902872199	6733.443834696144	6695.392083875463	7871.108521560122	4528.8684323374755	4625.027618888825	3918.3049095108904	3727.1931509764813	5182.637458284145	6159.426428365066	5910.136447408537	3696.449656787328	4112.442695338082	4934.431092258505	10489.92792416673	10792.580240542387	8858.435908799745	8440.144274535773	7152.160045047972	6517.711121770487	3267.937874493448	4029.834965946086	2596.7160118776137	2095.7656818739665	1649.6267911792002
PWY-922	67.31859727271542	70.2765625295699	53.073378049932636	77.02282224973477	0.0	0.0	0.0	0.0	0.0	0.0	0.0	0.0	40.83481156896411	0.0	0.0	0.0	0.0	0.0	0.0	26.070463779126737	0.0	0.0	13.278494360897394	0.0	0.0	0.0	21.701281617343625	0.0	60.9380342155288	55.68220120178932
PWY0-1061	2516.838688274936	1485.9413486307842	1249.063926738536	1236.3929818964093	7377.821993089446	5562.347801200707	6667.048350851281	6423.860237374503	7537.041779868273	4322.815480191015	4906.56184136657	4102.0746153671535	4050.628407137389	6806.065270028486	8128.099829315566	7818.930137936915	3770.9110494376837	4165.869785756606	5009.571437288448	10796.805338317661	11287.760083597936	9245.688117619511	8649.592896106977	7349.249305360607	6728.295572199185	3630.6589049808695	4500.122755000566	2899.479391479146	1450.7674870935039	1040.0603404618496
PWY0-1241	1198.4850626308983	645.0666411335693	693.7754700093296	602.7740001957935	4882.992577735884	3757.971870520657	4286.020892227665	3441.432718300927	3997.1997020337726	2300.643320138047	1952.9522194802996	1652.2431344800466	1718.8169785155294	4081.567561740033	4890.022920424877	4830.332534116553	2511.7723010186264	2837.676420516157	3384.74055902152	7770.667901260766	7997.560541702763	6620.372512105722	4689.608599291232	4115.394650259347	3437.7879587537864	2516.6817428238173	3194.066252398086	2078.549150825613	729.8038381779301	549.6459065355051
PWY0-1261	2677.0624277679754	1583.1502634142794	1391.1115420101069	1323.291445090901	4444.626366971123	3287.5990396761285	4361.56084889684	4866.1892218977455	5749.18917156771	3375.936630408957	3767.8341119137194	3169.4756364663813	3017.1097090863423	2991.5040371170576	3427.590855723025	2872.1179824197256	1018.3245889620986	854.4662590506625	1311.8563410592574	9012.424067499709	9365.760374805637	7646.7408644887855	7662.647244988366	6352.938462723269	6204.591341352927	2003.0254851598302	2230.086319084366	1301.146127733266	1586.1235907960208	1248.400662721042
PWY0-1277	0.0	11.537722975774914	63.05531425370185	0.0	0.0	0.0	0.0	0.0	0.0	0.0	0.0	0.0	0.0	0.0	0.0	0.0	51.64495425111446	50.324698290774364	60.23525397006415	0.0	0.0	0.0	0.0	0.0	0.0	0.0	0.0	0.0	12.303351133891711	0.0
PWY0-1296	546.5745002720946	321.42956314043556	158.99549289440228	253.8745473506681	941.0450427084394	650.6357550650891	976.1254659840607	1303.9772416494168	1541.1088539183486	895.294448204637	2027.6529653405546	1772.3949043092894	1746.9702897327213	4267.981213632526	5200.65846188108	5127.617867836062	236.37884413692348	182.22987968836927	292.94618802525656	10520.364316148121	11101.18780858685	9082.406337934965	3230.044799507712	2620.5618900655286	2756.111421379084	2232.466017990337	2715.983590071767	1702.1050559385383	346.24004277477053	308.2797203912109
PWY0-1297	797.120266545256	474.047390840349	398.56540932626643	365.7124438431657	1028.8898544865026	727.5513610474221	1056.0319015823977	1386.161020002865	1635.749314759789	962.7147313729495	1992.9597662093972	1734.0576055764325	1713.0568626474442	4301.8266260621385	5235.218588399559	5175.402836973995	254.40612657311357	207.29707646550315	329.0343861071445	9430.102026107823	9965.34859269108	8179.135846721172	3265.503048340097	2648.8257200874696	2788.5756075224817	1969.3653183945596	2386.421542339406	1491.412868915791	490.51608034573303	387.5556523602896
PWY0-1298	669.6296188676847	403.7923101431292	340.38278016481	309.39653172959703	905.2783902621641	652.9046658554926	926.9340940234086	1213.2374352230336	1432.062115383546	857.0356088773851	1810.5725554905098	1564.9372478660378	1558.6971664362677	4284.312698507407	5215.863923325225	5178.718004195844	220.267840543986	170.0913739906168	267.1604111930791	6738.868162877004	7078.641862813152	5844.958177012792	615.270465669485	543.9964934798751	461.0896851462028	1211.1015634674488	1419.495611686738	825.1854362625949	419.4265336780924	327.6149049166834
PWY0-1319	4324.486583403293	2528.1300908196317	2255.8463764691633	2161.5387536221137	13249.011996838623	10049.726813359097	11836.823347653733	10682.295447638679	12481.378986968235	7225.145748443293	5958.613932988184	5016.364534542905	4771.407602067948	6173.53284753386	7263.270594645109	6780.351958140311	7170.450364986512	8076.92607702985	9640.940095512258	12493.530545529551	12898.378734609885	10563.568286672635	14815.008055445716	12732.753194999472	11135.403471255495	4915.71388700818	6110.066273480906	4036.338862653513	2479.7001307983114	1943.520916929533
PWY0-1338	0.0	2.9625498007968125	0.0	0.0	0.0	0.0	0.0	0.0	0.0	0.0	1093.7897318276302	906.7370943149641	1003.5985677342351	3770.617552010765	4597.298530818048	4529.999117582175	79.0	163.5	255.0	0.0	0.0	0.0	166.0	169.0	0.0	0.0	0.0	0.0	1.6590806464084127	0.0
PWY0-1415	245.36050568411778	200.80485708364486	202.35470912212895	183.28876661966632	153.82684680372788	121.19762404213013	74.44769747741033	0.0	0.0	23.915951801777876	2244.2598910328034	1900.1022339246001	1925.8731020183195	4701.365155611267	5649.731157509703	5560.149577292656	71.07573909963712	41.713955393052444	97.68683672242449	7620.945268881415	7944.532180041055	6431.655326305615	910.9068850438595	751.312465782345	651.6715642286471	248.95814198784907	281.55780054098136	178.3167447669174	189.84886444926545	222.4745377971458
PWY0-1479	2329.1226887113676	1337.093797554182	1091.066679732755	1108.1919004299277	4229.826000218006	3197.646906737119	3858.114442383446	4129.0180010824715	4855.238120888354	2788.0250365837333	2973.5077816129833	2489.436829166269	2448.33713080357	4336.50093855686	5186.700791264558	5043.433010587803	1600.051441884742	1549.1610388212139	1930.0671384080217	8778.40167616154	9048.84111957156	7422.061907916087	1471.5923582600697	1284.5779152643001	1300.9089756854153	1595.5113636953456	1985.0554230168373	1173.3182157147912	1302.081651097033	1018.7232567174216
PWY0-1533	716.1116325954534	230.30804378694012	218.3166159580032	66.41903707802989	5453.8418589862795	4152.377567880422	4885.940950842998	3936.91443997565	4531.666910713247	2622.6409151968096	1023.2848824037261	787.0588533481014	788.3440813135377	492.68148036208015	416.89798528941475	475.3034654147819	2980.602832333747	3253.9346769708472	3910.2262219013587	186.4492874852433	210.01926575998678	84.07091874012715	5177.5672821451335	4473.0142995002425	3929.996088400497	1328.2942956091215	1653.275341450209	1164.9615949951567	513.361606971451	382.3289705702521
PWY0-1586	3223.591642473309	1843.998501732482	1717.848863388864	1482.3855710611003	6589.248800728212	5093.877272805369	5754.951260394445	5002.545983492391	6039.665388487711	3510.9875662081236	3150.274367108429	2590.349276304	2451.9685549939304	5581.503126873166	6701.473669884242	6504.127097108939	3984.8079687423133	4558.282589428392	5448.867609839363	11663.577533516469	12257.692532448496	10017.437977919893	9322.179784239428	7991.695535692709	7084.546366709913	3364.3783799119637	4182.553687051985	2702.277467083535	1833.1590595675616	1391.0147627536217
PWY0-162	3735.7232593429253	2273.6342110894184	2010.8760139066874	1902.4186557790163	7851.479336637142	5880.379985836042	7170.223062733635	7139.739240903394	8391.474016669783	4819.378294959886	4907.9874355250995	4149.886465426011	3948.5824041643045	5517.773416238545	6552.294473477104	6298.096158767179	3978.328837079867	4433.008186775203	5312.353231508013	11504.47030016748	11848.743387303624	9744.221345780683	9028.270247323944	7661.893219304698	6971.486630398617	3505.6863488712243	4333.483277100369	2791.32952508869	2177.7458760438944	1707.1818880054143
PWY0-166	2885.346803375206	1741.5961167026242	1473.1873492871198	1434.9603836631977	6523.438899327372	4909.883713187957	5907.514680250531	5732.634937677077	6728.838613155388	3873.5361828374034	3857.9401459102605	3232.698235416915	3122.150085074313	4810.915442056091	5731.6731781992485	5519.984982468739	3427.750702437561	3829.244043432068	4588.398111114136	5478.316776757375	5359.217823224024	4254.303051010228	7878.959614880786	6683.640932783241	6086.089935335904	2644.310404777951	3267.58590745043	2107.223816604964	1647.568590886888	1297.9179068631338
PWY0-321	327.8669894111616	144.38187486709046	147.12993127659627	116.57496881109377	2085.986637469333	1573.355462960521	1843.2995185189143	1870.5302400789192	2294.6660972441414	1420.6116525956409	588.3883369030208	483.19172351642857	452.0295713050263	41.67305567611693	70.34873628491545	28.354882665237827	252.34534353296192	288.4505426871928	382.5571434318466	28.78679081236581	52.98807291833618	28.85892993267124	985.0563401748584	858.7399694009539	689.8111005803254	363.1712924614164	429.59812441809237	293.0275033924835	165.8105100184805	207.14992163493488
PWY0-41	0.0	4.751662833343693	0.0	0.0	0.0	0.0	0.0	0.0	0.0	0.0	0.0	0.0	0.0	0.0	0.0	0.0	0.0	0.0	0.0	0.0	0.0	0.0	0.0	0.0	0.0	0.0	0.0	0.0	3.2279789984763467	0.0
PWY0-42	480.9876803292691	289.4505705468728	249.5245474936722	159.21010355389652	1076.8009462528566	1008.823666475675	946.9139513319685	1032.8255656975616	1248.3052509569	657.5119954197851	1696.1573685248725	1460.9705438867911	1477.7722308066695	4041.2367047836856	4852.733295565562	4794.642291875537	914.8104543065808	1101.5971359465605	1558.165390629574	8145.659251747704	8320.007023617822	6849.841179336472	4919.251280364088	4110.604095031938	3825.373144582306	1210.2090772570205	1439.5722855380363	776.4478388351813	255.75809852088437	169.99055222969017
PWY0-781	2007.3928616184357	1384.0148449101478	1090.083342469056	1085.5409907464932	1521.8666390949818	1076.3273459983131	1167.2172521328996	1638.7363452949241	1804.8220730381254	967.4365987903084	3508.3208084410485	3010.735283282038	2912.80190463567	5263.533910804286	6278.480556495984	6079.7385334835	1137.6200882545857	1693.8465980186154	1973.0246812151254	10648.875477095358	11034.986047400462	9156.387063177792	6696.813805244295	5580.991326433539	5357.8345154975095	3197.526315677372	3907.3995051292823	2470.78091572475	1206.3117105298252	957.4560752537982
PWY0-845	264.78440481468584	84.00747309697427	45.080676407796176	78.86175060155907	821.279790931531	640.3348596339115	585.752985270181	339.70306015536346	528.906430336288	387.8831617857581	2905.4845455097848	2441.146091654362	2506.460223648333	5445.253319024418	6524.481346114897	6367.523609826163	850.6806857913703	930.1291899584348	1380.043568537962	6661.538071132467	6937.236588102233	5597.707535874664	1447.414938289527	1330.2178842357707	810.7160192186947	390.30152334044493	450.88436808660185	311.5775435761819	166.8219811030103	113.12095032833957
PWY0-862	3419.6046249938468	1801.3003568182219	1778.4638102597985	1754.0815380564966	11693.176238421362	8708.025039546266	10767.705042342051	10684.112800896637	12482.520807391624	7271.36550583643	7073.22854175026	6026.1575130968795	5753.448951546315	9470.164568210179	11202.371219032331	10870.676568302308	5731.182553351454	6302.042785771523	7598.332052502435	18722.294114293538	19356.75861304956	16068.368226232278	12312.045773869217	10459.125756890455	9561.673159575439	5895.463333884158	7320.2790330523985	4701.616631450802	2032.8902738636714	1523.6351771636582
PWY1G-0	296.4181025522742	285.7593150657314	164.95753381566533	180.27915194346292	64.05298013245033	49.13555992141455	31.609195402298848	0.0	0.0	0.0	49.73913043478261	24.688385269121817	49.449541284403665	9.935064935064934	0.0	0.0	0.0	0.0	0.0	0.0	0.0	0.0	0.0	0.0	0.0	0.0	0.0	0.0	168.6077738515901	110.10309278350518
PWY490-3	528.013322567622	242.86779576528673	374.8004566239896	299.7360110933219	1292.5819974208016	761.6785713252242	1406.3956294468396	1987.8719006255626	2477.1519631161796	1395.5606798375286	1234.0402729746975	980.4270749987038	948.2547386775049	509.67404168584386	510.74608809336826	457.58245554450997	40.47252639576462	64.43875252575441	43.47645174128313	35.21926925088756	25.738586402067565	10.49663669127297	13.498408358801775	0.0	0.0	0.0	0.0	0.0	332.223173966024	224.1717672711638
PWY4FS-7	3390.899923513928	2167.220304232141	1820.4395650064016	1873.236320886221	9464.121945474366	7145.008910886094	8503.086836400409	7824.002148062816	9136.781438533646	5276.1388112576315	5124.852862519402	4328.343489485268	4176.5620640032785	6187.045798458047	7294.530206231021	6960.791629200102	5319.93597720216	5928.336817194139	7096.210783244661	11853.107531634527	12269.684358152224	10071.426316845185	11097.347558602634	9510.442198791978	8535.50908770912	3977.3932738066137	4935.078073937571	3208.3199812009047	1944.6067807255597	1559.186553461621
PWY4FS-8	3390.899923513928	2167.220304232141	1820.4395650064018	1873.2363208862207	9464.121945474368	7145.008910886094	8503.086836400409	7824.002148062816	9136.781438533648	5276.1388112576315	5124.852862519401	4328.343489485268	4176.5620640032785	6187.045798458048	7294.530206231021	6960.791629200101	5319.93597720216	5928.336817194139	7096.210783244661	11853.107531634527	12269.684358152224	10071.426316845185	11097.347558602634	9510.442198791978	8535.50908770912	3977.3932738066137	4935.078073937571	3208.3199812009047	1944.6067807255597	1559.186553461621
PWYG-321	3855.303519980629	2039.925387844516	1998.0573259206517	1968.6859028927352	14202.191066562676	10656.38108580192	12913.954789439013	12227.262466087297	14211.839862672352	8297.466118261838	7505.3699150371485	6359.473146435144	6085.793466542165	9245.596401170258	10368.450676704351	10559.113262704315	7145.007251435129	7884.757877603803	9466.684454218781	12629.787950727334	14186.157733478749	10263.573643190417	14704.689026488451	11816.160622979785	10975.712253784777	6668.33698643072	8257.063911099885	5392.548740321746	2285.985081426496	1717.8948151988866
PYRIDNUCSAL-PWY	1592.2005118945553	1078.2686721969862	804.2922974652863	788.69176477435	5402.627262035712	4102.995560289069	4839.21165242221	4221.440015484769	4903.998567095693	2844.5561174061977	2881.9346436208707	2436.738009586225	2398.5384026350835	4319.379506438445	5150.446911306635	5025.125436062247	2907.979895843753	3226.6151255462737	3858.8269187680926	4065.5194695007845	4168.826549107533	3410.3170789299797	6295.115644166978	5395.342261951134	4794.5855896249295	1984.9959912973864	2477.049375577434	1658.1284673244224	894.8088524688436	818.0411104512779
PYRIDNUCSYN-PWY	2734.224915171648	1612.643872174385	1454.0923168818456	1390.0537858479868	5947.23996462829	4472.532806749019	5339.424186728166	5033.059557573656	5865.674943577791	3397.212436206747	2985.8997978322845	2548.272018197811	2471.7930570094695	4256.4864663348535	5100.327460817138	4973.056979320512	2961.1976319048913	3278.6757280267084	3943.948802127087	8656.07154925179	8966.821466239198	7410.727612589514	7413.840875054285	6277.565343871552	5764.975861582287	2812.380369831943	3478.9457639612656	2247.0073591948685	1569.410810920538	1204.8180164464732
PYRIDOXSYN-PWY	517.8678171787429	521.5077584076415	495.9346741414038	384.6433944516641	6093.045943477806	4580.763484873153	5530.573230043384	5286.952979939328	6197.555799112771	3559.945945269139	3621.2906706888566	3053.3227137276963	2934.935540208206	4516.700808379268	5368.332518418625	5194.375225174308	3219.4919191527833	3573.099243521513	4290.832634849674	9318.530164361595	9628.65112166921	7972.629492765143	7430.232880699254	6305.481649856231	5784.307067510344	2891.4455227547555	3573.1137317139787	2297.1036956573016	280.9033340943239	182.90435080117513
REDCITCYC	2950.9097947021687	1889.0978603541041	1679.4999216165443	1488.00346318213	7726.792562082373	5624.852384755828	7173.441094189536	7905.305239025918	9370.807588266534	5416.507566372462	3991.880797599854	3219.1172046739507	3093.962655754954	2136.829394786835	2308.5341831387627	1839.5598381695645	4042.2612294508717	4405.073883620857	5521.274776109473	5438.826724254266	5549.38765852579	4648.143071430216	9902.439835332365	8389.82902873136	7652.335851667978	3733.526901280852	4678.826048135867	3085.9627485687315	1517.3853343388887	1365.4947241846799
RHAMCAT-PWY	120.75786005684188	120.01672532263719	111.77138750049099	124.71338510287616	0.0	0.0	0.0	0.0	0.0	0.0	73.22931556549318	84.37747358764533	73.456003784187	20.40243789509492	13.730197584625996	11.76848874598071	9.39601446487651	0.0	0.0	8.757180156657965	10.401343192018338	0.0	0.0	0.0	0.0	0.0	0.0	0.0	110.14096058714404	103.31079107250203
RIBOSYN2-PWY	3254.7415900951037	1966.6266399561791	1743.7749963730291	1655.9135967233672	6739.060748220902	5061.011394270346	6143.500455181902	6136.987645541617	7230.157643498835	4151.503521039378	4503.884027590949	3798.3310712659622	3635.2932432945486	5393.196724184778	6421.061715953383	6206.139821214413	3490.5308096821914	3868.3250729825736	4650.278348905036	10968.609994066013	11321.574354906132	9303.28178662141	8079.869184059405	6837.335679739453	6280.257971074021	3248.7136213641297	4008.938405984066	2571.9724321152007	1890.06703981341	1486.195210808796
RUMP-PWY	379.9472375727574	343.18247193564014	305.7299309310501	312.09768400916386	563.679329435404	423.77637632089005	533.9375047149164	377.3088402203882	384.88363143606085	146.10763487668862	90.726597877146	0.0	0.0	0.0	0.0	0.0	0.0	0.0	0.0	47.86262224800475	71.70718396283877	44.85972780095399	17.965230593033866	0.0	0.0	0.0	0.0	0.0	290.48377699309617	159.75162077045138
SALVADEHYPOX-PWY	2551.3707306330807	1438.9007094238304	1228.3885368945714	1254.748258028455	10695.983946111866	7970.813278702228	9737.242023823543	9504.36833988575	11192.056105958303	6601.271018744172	4978.028360695119	3966.504128296985	4087.772693232569	9301.194179920543	11121.453468364727	10791.310992447288	4561.11683385171	5155.518629025094	6193.330096252572	16483.766654338167	17327.11475721428	13892.14202980659	9535.258107685291	8210.303200021823	6950.396657918453	3405.0599260545127	4223.485390222523	2768.44972411921	1433.5943603487067	1123.1810137033594
SER-GLYSYN-PWY	3772.520700446148	2243.2829051223407	2031.653360753249	1937.2984724206135	12089.446147927061	9139.995887093086	10887.617086363412	9751.06191243345	11483.096676710275	6680.155359620649	5373.75017019221	4452.885378112301	4342.479956470132	5681.0414089952155	6679.013790542128	6356.993708507392	6413.447985769961	7216.795402376447	8596.853233167098	11002.737308032138	11317.518713333979	9207.025844796424	12912.914212155258	11091.494021345678	9754.127584962616	4503.624602424802	5627.203838673338	3693.3029768609313	2198.671870941146	1716.9620187264813
SO4ASSIM-PWY	3405.1254513694153	1927.127250074321	1820.0823709007882	1694.395516167956	11762.649378200485	8965.246040485023	10504.754228170377	9288.57946991427	10763.938777064337	6224.84355443915	5120.188271427608	4301.02471308849	4112.196170340569	6041.22127926539	7205.997161208987	6949.994184080377	6154.8300882071235	6844.1943833650475	8131.376473666651	12892.898558883524	13387.864281082884	11110.50945442984	14419.740104875444	12302.052928526044	11177.676437372518	4945.5849651766575	6142.472065300811	4005.9763065187376	2074.013697552811	1665.1968067886362
SUCSYN-PWY	304.6957050112808	63.02299693303111	90.10918536995923	147.92685762571745	389.7161268506681	288.200791838433	381.7690988890006	263.3717961382908	278.8373544815667	104.36661571599585	325.3545822421121	331.37598975033404	171.77811236841512	52.068982800070735	34.83845181903697	49.659523774469804	195.98507346252086	247.044682799923	179.43630377278546	8753.634812286718	9116.212306928497	7419.614658737456	234.69739323471734	214.7613411273441	74.3227191134326	474.33804775078715	496.63965291938035	380.15574544140577	88.11595259472699	53.31665974584126
SULFATE-CYS-PWY	3771.0239909009124	2155.214662781552	2002.0936064551684	1893.2963036480373	9938.27194289509	7466.312720796772	9042.891711055923	8678.39051392268	10188.505289535906	5867.030565538931	5313.574966357555	4467.97490227504	4276.594164126925	5997.663174903149	7108.623165326164	6845.380130171424	5055.413548904988	5605.386289735066	6712.3410017585975	11398.25639668542	11860.982350214825	9767.560189957501	10896.340043221504	9286.225290416547	8407.49576855017	4155.44307773932	5140.422063746301	3321.8351265839087	2228.4329654653566	1750.990949792969
TCA	4318.668439008406	2582.973898796749	2254.5954462263317	2148.615268462272	10896.36981131681	8203.449559477798	9853.32832437824	9460.591034094445	11132.940449701598	6425.332118228962	5477.99975840902	4633.428020474564	4406.496835239434	6123.251924332717	7290.789056535916	6965.192048014932	5388.991899026702	6068.879970075308	7282.484902458276	11788.219409779906	12257.419892887487	10057.880777175902	11537.215688191625	9886.393791533486	8720.264642311335	4091.4047523351474	5107.933366272115	3348.468038666068	2528.2792327739508	1960.9942057231547
TCA-GLYOX-BYPASS	2973.7198180687747	1729.636224219893	1469.3003923342364	1358.7966804064984	8919.425264068346	6782.373172720243	8004.650786238145	7487.616032619784	8780.526435321684	5100.097706481002	4311.24360354422	3624.8464510505464	3454.5187410805243	5351.727509829526	6387.307279570594	6121.993147793842	4489.180388388403	5058.27543314698	6081.814142951669	11376.057343292303	11796.799796111849	9682.459010737499	10423.104373695438	8896.72454789749	7932.201211023237	3630.9221561900595	4538.200001923359	2984.571742767005	1720.2827407217483	1353.0739931693765
TEICHOICACID-PWY	0.0	0.0	0.0	0.0	0.0	0.0	0.0	0.0	0.0	0.0	0.0	0.0	0.0	0.0	0.0	0.0	0.0	0.0	0.0	0.0	0.0	0.0	0.0	0.0	0.0	0.0	0.0	0.0	0.0	45.68132586500574
THISYN-PWY	2405.0862129311654	1442.1757564764685	1377.050563619164	1252.3092907574385	4702.638899129766	3214.678257063992	4607.966330950777	5222.978686772734	6223.019695136884	3536.389178631533	3964.729924347693	3350.8102505948455	3244.4409681053767	4731.206549509371	5623.304667923344	5399.354099532992	711.6106865545838	897.8895564136096	931.4168810798134	9990.728913281919	10370.541915728363	8450.811694334325	3023.8555477926066	2653.916381620479	2321.205149889153	827.8904793486721	870.4235474324452	655.5044165072142	1430.5292314951334	1068.1821537820206
THRESYN-PWY	3623.3820494985366	2182.2453263134266	2009.4720542912369	1860.579460180245	7537.368491556778	5563.548808990045	6973.626633071432	7074.925168883668	8365.670716738952	4807.5382187378445	5608.206086640986	4849.521904162277	4602.854462375447	7289.621590919017	8583.548478797284	8435.00560890414	3645.4431590374857	4019.9852574648685	4823.601070781401	12930.256477753099	13294.18280615326	10941.98098930003	9092.4986307802	7678.042284237868	7134.37955567971	3892.4383349596	4817.502420807448	3088.8522761825357	2132.7100315623047	1657.7965058061689
TRNA-CHARGING-PWY	3231.5273517086384	1951.4071829881557	1744.670575195235	1659.6778730801534	7017.369153682238	5262.505319815083	6407.959774374177	6357.884229160448	7465.919710530388	4282.535440940225	4440.459678531272	3753.176792165273	3583.5043221117994	5182.681685930455	6164.329088334005	5921.8039574772165	3587.6827960712126	4006.9613174477117	4800.386630031171	10202.55508660981	10543.745894880169	8663.772824097417	8164.052103054508	6933.980099559738	6296.641480606146	3198.482540210795	3957.89643544258	2546.135931762129	1889.8353898664523	1476.041021089372
TRPSYN-PWY	3533.337869167447	2150.744676675512	1937.1955317448362	1827.6209742106091	7210.175904227869	5410.6536035481895	6598.295630257352	6588.6324949698555	7750.077607997267	4439.994123239228	4542.286999793299	3823.616859377875	3647.0858692350303	5093.993620320113	6048.180554898403	5820.467880288738	3626.101304152878	4024.8600343940116	4832.579503874855	10311.353610780834	10646.462194606383	8720.475512451443	8299.797828052757	7033.331330858772	6433.418347872679	3282.2770548671	4056.730812852112	2608.095819955419	2070.4588766434454	1628.661307762062
TYRFUMCAT-PWY	1781.3436694290058	898.0402188675929	757.8287942042331	737.7953718718628	7055.881036490794	5307.307142486151	6421.284444780114	6238.2005593705135	7329.5050069941535	4203.47264783221	3468.3587855120636	2815.474794399006	2794.8114186136895	4537.201472251869	5392.112567600264	5184.880879988743	3624.004131396033	4034.428074380237	4845.576497228366	6355.804039839026	6746.899985658296	5473.221282597967	7839.471724063162	6698.217858234344	5979.460037741926	2515.452673650392	3114.631521732015	2114.631312815659	961.6539639710949	748.814880835231
UBISYN-PWY	2514.4630883183286	1311.1567048889856	1121.511772632422	1073.7016858874529	6705.946374076165	5049.815380324606	6037.276267009487	5709.356230063808	6711.01360570898	3875.7388481377616	3490.250435814135	2948.559067302826	2849.7947503113337	4827.401410009774	5758.793986555458	5570.755927202441	3571.5041438840394	3958.0159259575	4768.114256018304	9762.399361032876	10065.356728135555	8288.376851763007	8331.218766146923	7079.5641232547105	6444.648671775376	3172.026110086647	3917.5893093399536	2516.412535598702	1371.7520529964434	1070.4460119889864
UDPNAGSYN-PWY	2445.786270128842	1423.020893282082	1159.0552085151248	1190.2207832847985	5951.534171138859	4516.224791161758	5302.507453740292	4911.781197504532	5752.428162374337	3324.6628699654993	3163.6712763965784	2679.2090457513555	2586.2381782161974	4387.3450823528965	5230.721085189574	5048.127038059545	3262.7318492849645	3624.901390116324	4348.993081898751	9661.063269687738	10015.441263190056	8228.039466336308	7498.971912392523	6351.013704554354	5797.55359195528	3080.922773386565	3808.3058754716785	2447.2925770640622	1367.6539331383515	1104.886690857164
VALDEG-PWY	0.0	0.0	0.0	0.0	0.0	0.0	0.0	0.0	0.0	0.0	17.961727012375743	23.91726745520751	0.0	0.0	0.0	0.0	0.0	0.0	0.0	136.32479720284906	115.83054591178623	44.792111749931514	0.0	0.0	0.0	0.0	0.0	0.0	11.954609404701277	0.0
VALSYN-PWY	6043.6709696005455	3512.064264763285	3117.6491477098357	2827.2252992929543	9100.437054617523	6753.527150722312	8353.28033881959	8549.142671540778	10138.194089134762	5858.146862727609	5966.461102373398	4947.158103459398	4744.9112399212745	5864.968841740073	6957.412492911307	6692.0498766882965	4366.951045134105	4750.026961457897	5753.632215557334	11745.207417390187	12028.75465242071	9760.98117179499	9476.390762183459	8030.34915183216	7284.401001388154	4180.738290464663	5156.3995775459125	3331.8888519456705	3571.9077464628954	2735.9400717662434
