pathway	Ship-Ballast-100-02-01-17-SA-2-tank-6-uptake-3	Ship-Ballast-101-02-01-17-SA-2-tank-2-uptake-1	Ship-Ballast-102-02-01-17-SA-2-tank-2-uptake-2	Ship-Ballast-103-02-01-17-SA-2-tank-2-uptake-3	Ship-Ballast-110-02-05-17-SA-2-Dis6-1	Ship-Ballast-111-02-05-17-SA-2-Dis6-2	Ship-Ballast-112-02-05-17-SA-2-Dis6-3	Ship-Ballast-113-02-05-17-SA-2-Dis2B-1	Ship-Ballast-114-02-05-17-SA-2-Dis2B-2	Ship-Ballast-115-02-05-17-SA-2-Dis2B-3	Ship-Ballast-80-10-18-16-SA-1-UP-5-1	Ship-Ballast-81-10-18-16-SA-1-UP-5-2	Ship-Ballast-82-10-18-16-SA-1-UP-5-3	Ship-Ballast-83-10-17-16-SA-1-UP-6-1	Ship-Ballast-84-10-17-16-SA-1-UP-6-2	Ship-Ballast-85-10-17-16-SA-1-UP-6-3	Ship-Ballast-86-10-20-16-EX-Dis-5-1	Ship-Ballast-87-10-20-16-EX-Dis-5-2	Ship-Ballast-88-10-20-16-EX-Dis-5-3	Ship-Ballast-89-10-20-16-EX-UP-5-1	Ship-Ballast-90-10-20-16-EX-UP-5-2	Ship-Ballast-91-10-20-16-EX-UP-5-3	Ship-Ballast-92-10-23-16-SA-1-Dis-6-1	Ship-Ballast-93-10-23-16-SA-1-Dis-6-2	Ship-Ballast-94-10-23-16-SA-1-Dis-6-3	Ship-Ballast-95-10-23-16-SA-1-Dis-5-1	Ship-Ballast-96-10-23-16-SA-1-Dis-5-2	Ship-Ballast-97-10-23-16-SA-1-Dis-5-3	Ship-Ballast-98-02-01-17-SA-2-tank-6-uptake-1	Ship-Ballast-99-02-01-17-SA-2-tank-6-uptake-2
1CMET2-PWY	3278.004508	1996.445063	1748.736001	1668.799357	7820.801304	5852.077715	7108.840062	6965.657399	8205.680895	4729.166771	4614.367667	3858.946982	3697.775014	5102.07604	6074.19977	5755.285295	3967.073109	4415.689325	5308.137273	10572.03427	11052.48092	9089.548618	9331.198864	7914.136594	7200.333938	3568.661769	4422.477597	2852.93754	1911.785412	1535.901584
3-HYDROXYPHENYLACETATE-DEGRADATION-PWY	192.8840906	67.81850358	88.78697449	75.38238339	292.7278696	184.046525	217.0180885	132.3993319	183.3003946	173.3030164	612.5720747	407.2981632	437.0639068	18.37785905	28.56466698	26.37281958	176.2525642	122.7036615	261.4850758	0	45.93380184	25.99962578	0	0	0	0	0	0	112.9003313	114.3948415
AEROBACTINSYN-PWY	0	2.628571429	0	0	0	0	0	0	0	0	0	0	0	0	0	0	0	0	0	29.97221551	33.76894485	9.599202012	0	0	0	0	0	0	1.761733228	0
ALL-CHORISMATE-PWY	244.0340295	392.1478437	226.2065305	375.4214995	0	0	0	0	0	89.02456005	2447.505761	2090.175045	2035.452688	1290.341729	1482.919931	1039.519853	0	0	0	3169.613394	3193.586487	2761.11048	0	0	0	0	0	0	221.7872357	196.3301249
ANAEROFRUCAT-PWY	2706.468981	1472.908574	1366.508242	1295.253922	3516.690174	2587.538116	3228.735456	3973.681015	4690.761719	2678.121117	2133.663919	1690.136608	1636.60048	385.0910687	335.6678544	287.4290143	1124.684123	1033.869486	1316.872941	2243.549796	1500.900527	1225.714262	544.4348416	250.552931	291.8730844	309.2727911	280.3987846	243.8115174	1490.47493	1106.217591
ANAGLYCOLYSIS-PWY	3421.944581	2090.952523	1892.192799	1785.708694	5325.365958	3768.183372	5178.430315	6018.700494	7135.274544	4051.350965	4512.4538	3807.545273	3650.945435	5127.312545	6078.658041	5875.034942	1459.782916	1256.220064	1730.81932	7944.215572	8425.517679	7169.696934	5811.910539	4779.071258	4727.298511	2856.035166	3537.628896	2216.832706	2011.069358	1564.32372
ARG???SYN	1411.664779	765.4762536	617.8618625	645.8723086	1967.233646	1487.733966	1837.193955	2151.529537	2448.955337	1522.211029	2166.043452	1841.835093	1782.932868	1325.231281	1479.434919	1175.143064	1017.855703	1088.269072	1487.110948	4836.568854	4594.266551	4251.308851	5043.726708	4195.928499	4017.864922	2534.309256	3128.508457	1940.417028	794.8067389	620.9499317
ARGDEG-PWY	0	4.653098576	0	0	0	0	0	0	0	0	315.261703	269.8049241	272.7999591	122.119621	160.5212857	0	184.6837375	496.3379231	589.1055233	0	0	0	168.3027572	237.8251034	0	0	0	0	3.097629089	0
ARGORNPROST-PWY	49.94396577	72.25965634	105.1608874	23.16072987	5517.221546	4228.791567	4788.673933	3793.599189	4413.343668	2569.100758	1288.847633	967.5723118	994.7059833	178.1617689	335.5277281	212.9470518	934.1530312	988.9467387	1363.347178	2981.87793	3480.755415	2634.840972	3247.756584	2719.33063	2323.245741	1477.186989	1763.168872	1227.618528	20.68189576	23.01244851
ARGSYN-PWY	2866.864652	1644.558151	1540.793015	1418.411024	8275.78179	6256.82342	7434.813038	6741.941722	7876.712356	4541.930199	4043.045489	3405.693483	3285.196051	5291.815938	6290.520541	6053.590496	3545.951544	3994.582931	4822.791618	10587.00783	10924.71432	8970.727868	9176.577152	7766.827118	6996.79749	3590.577007	4429.072133	2884.417803	1704.400029	1272.784876
ARGSYNBSUB-PWY	3051.33657	1814.425384	1532.534755	1562.708674	8802.521323	6667.772679	7897.795818	7186.350857	8396.366553	4842.063267	4033.215528	3424.97584	3306.966052	5351.637593	6359.371741	6095.49385	3914.516317	4423.029122	5327.220528	11685.48327	12073.55279	9917.50086	10013.04831	8461.36239	7700.741972	3800.829943	4686.765657	3042.891727	1751.943267	1389.766964
ARO-PWY	3362.084008	2047.848741	1777.439696	1734.566004	7991.765243	5999.044769	7224.574638	6896.846874	8099.865481	4670.317783	4678.400231	3939.485876	3782.810333	5231.233645	6205.047552	5941.016116	4163.041757	4629.239026	5557.670317	10174.04558	10462.46509	8566.149885	9261.350252	7871.775357	7135.413638	3570.55813	4429.966353	2871.256176	1971.066754	1541.383509
ASPASN-PWY	544.4972342	294.6901757	400.7654594	193.3751932	3518.475645	2393.512708	3498.236425	3909.541846	4606.940054	2711.108888	3106.815947	2619.340482	2587.353144	4894.713122	5828.683245	5702.657382	1317.823399	1353.860328	1731.142759	6974.445438	7277.19548	5890.751679	3948.491622	3272.929776	3190.730311	2146.406914	2655.594013	1634.544699	418.0994259	280.8938381
AST-PWY	80.93663948	65.2568267	0	0	5707.869781	4379.843433	5068.027552	4255.845356	4946.75259	2905.37354	2188.583257	1829.244549	1817.138216	4192.246805	5039.161047	4907.30594	3216.296054	3656.793459	4338.734339	3195.466414	3224.120757	2989.900093	8146.798867	6938.71281	6353.789512	2956.091108	3662.411726	2385.26674	37.73900347	31.0174025
BIOTIN-BIOSYNTHESIS-PWY	2531.150778	1406.177496	1274.092901	1232.311677	8803.004084	6626.285879	7984.937003	7678.171548	8985.759461	5194.236004	4678.693326	3924.186569	3800.82863	6425.312729	7642.07087	7427.225563	4555.866303	5062.684291	6051.790251	12632.59011	13181.10157	10923.44024	10111.98696	8606.604717	7854.296562	4176.27087	5186.883025	3337.883891	1431.406015	1054.100765
BRANCHED-CHAIN-AA-SYN-PWY	4942.050373	2924.101029	2607.854904	2430.227506	8759.931501	6514.108063	7993.132849	7984.921778	9454.25307	5447.983203	5640.306222	4736.980211	4534.572922	5945.52635	7049.014387	6759.530782	4297.197219	4722.661505	5688.798412	11363.86172	11650.97622	9499.628783	9368.426546	7941.206792	7233.455944	4074.584791	5035.865202	3244.8307	2901.008663	2261.361866
CALVIN-PWY	3615.972092	2166.803896	1956.683175	1884.182338	6816.628185	5091.360435	6285.617538	6378.70574	7494.186608	4282.891771	5317.550225	4471.611328	4314.919729	6727.49532	8014.60736	7784.499912	3364.526285	3695.322328	4443.420805	11261.61153	11621.53635	9529.814128	7601.909126	6430.729802	5909.481399	2936.347948	3620.768848	2328.763969	2078.900527	1635.883713
CATECHOL-ORTHO-CLEAVAGE-PWY	238.8375312	172.3237441	88.37623842	115.7731437	988.184647	750.3233646	773.1696347	519.9548327	732.6284842	524.2446487	534.0594048	387.5260723	413.9943187	120.2669836	120.4785795	152.9696061	1064.108758	1016.946449	1471.584433	25.34175048	16.45782599	12.484375	746.6561136	684.5463146	512.8279857	253.9934745	274.7999514	189.7841595	121.0934019	123.6940047
CENTFERM-PWY	158.912226	125.8832279	135.1675098	121.0931407	0	0	0	0	0	0	0	0	10.35678903	0	0	0	0	0	0	0	0	0	0	0	0	0	0	0	48.66467591	66.99428373
CHLOROPHYLL-SYN	0	50.49554132	34.03923308	132.892408	75.36579766	39.9925662	47.55667545	0	0	22.20047256	122.3252121	125.6756447	58.78076772	0	9.402384267	10.34953843	0	0	0	68.98360802	109.119383	23.71914412	0	0	0	0	0	0	0	0
COA-PWY	3198.784321	1984.073725	1720.367657	1642.504068	6585.19757	4932.790878	6029.870541	6054.44066	7117.9465	4088.502433	4116.27264	3500.306792	3317.344651	4602.756739	5466.804261	5241.308283	3266.218086	3643.843873	4371.05951	9229.690653	9514.320451	7804.116997	7505.945172	6367.258796	5790.41	2899	3581.87	2303.5	1885.190431	1484.157573
COBALSYN-PWY	1616.942113	770.8702886	674.3797773	674.0619388	6375.051608	4776.927362	5833.57704	5632.497168	6639.300745	3788.67002	2299.466925	1834.092179	1742.9448	857.0041182	902.7093613	724.4419407	3114.70704	3495.390228	4150.957909	8609.939083	9020.715945	7423.570686	4918.418178	4322.705773	3579.613607	2627.166786	3326.88546	2168.835929	850.5836352	700.6065991
CODH-PWY	72.38856382	15.35623397	15.22812519	0	0	0	0	0	0	0	0	0	0	0	0	0	0	0	0	0	0	0	0	0	0	0	0	0	0	0
COLANSYN-PWY	2528.114182	1516.40494	1319.535879	1316.160264	4966.988265	3535.443782	4553.673313	4914.061468	5860.076229	3349.88892	2769.148423	2368.880341	2232.643379	1245.020115	1301.388081	1103.894656	1637.931846	1596.561357	2013.356753	10073.69498	10405.2103	8322.161718	683.1737052	531.569513	493.9309326	1121.491213	1235.47681	822.7364974	1464.868528	1182.448432
COMPLETE-ARO-PWY	3568.148958	2172.166355	1889.26836	1841.299163	8385.716334	6294.03613	7589.045798	7271.824246	8540.620153	4921.819751	4944.510742	4165.582035	3998.093235	5529.767841	6560.446489	6281.002454	4359.132318	4849.700175	5821.026909	10851.55539	11163.65438	9143.984641	9727.03809	8266.409119	7494.729709	3802.23729	4717.170627	3055.094613	2093.057884	1637.521822
CRNFORCAT-PWY	218.3228817	47.66964627	71.06883843	159.0641668	0	0	0	0	0	0	60.55481702	159.5182826	75.3741128	0	29.13729408	0	119.2880913	86.11009528	102.5236972	432.6725999	289.6728378	232.4615602	16.27808438	10.58662047	34.14271432	121.7294463	103.5146315	63.89201006	125.5379785	137.865249
DAPLYSINESYN-PWY	3097.989548	1806.147856	1540.710978	1487.382035	7578.123721	5654.556023	6935.380863	6956.066125	8191.575427	4712.275679	4577.999275	3858.74731	3688.091078	5629.002011	6679.068819	6434.474799	3724.016067	4094.047043	4938.805752	11805.16633	12198.45104	10167.23649	9046.961722	7648.803359	7069.215367	4075.451554	5030.424208	3225.85469	1787.266834	1397.189952
DENITRIFICATION-PWY	665.6907637	362.1770942	308.7538964	333.9952632	31.85122305	29.20998017	30.96092888	0	0	0	220.1535427	242.5311967	179.0784405	135.1497174	93.15374365	116.1285067	240.6031732	242.3763773	380.0740788	208.0750759	276.7755485	235.0808406	547.5147664	487.7640548	408.5437856	94.06952842	87.75283019	56.09117083	444.8700107	299.5711282
DENOVOPURINE2-PWY	2406.116965	1380.9283	1183.181087	1185.792614	2738.133666	2169.877192	2647.590458	2572.542058	2799.823753	1831.854525	3746.170886	3171.742736	3112.524869	5037.217852	6004.781659	5788.494498	1958.712346	2071.161732	2818.926622	9392.393053	9714.147567	7925.197627	7342.32742	6180.698315	5767.380345	1955.920384	2218.506938	1338.160056	1398.941869	1042.407578
DHGLUCONATE-PYR-CAT-PWY	68.44186932	0	0	0	773.8299798	603.674524	625.6464813	596.5164602	753.4660185	432.5491514	30.59159902	0	0	131.6115862	165.4676431	0	0	196.9090516	215.5293634	0	0	0	345.5741944	348.67638	0	148.1391218	179.0594966	123.1028529	0	0
DTDPRHAMSYN-PWY	3586.650156	2119.000945	1962.884884	1729.530171	7978.9723	5907.196575	7441.317439	7714.090958	9101.435506	5204.437637	4798.479091	4016.884894	3845.147245	4905.04174	5766.559863	5505.700207	3645.194899	4044.571679	4907.2805	7830.578449	8053.885538	6552.228365	8911.911883	7543.564507	6930.156036	2204.819131	2688.827086	1719.379677	2119.115275	1611.399745
ECASYN-PWY	0	4.251221644	0	0	0	0	0	0	0	0	112.9828783	0	0	0	0	0	75.24061219	94.87118627	77.66932331	0	0	0	48.83149608	36.79024487	0	80.40366753	69.17961431	71.83701316	2.825657072	0
ENTBACSYN-PWY	102.0657898	111.561958	79.33291668	128.6507505	203.0977754	203.3407101	265.09894	140.7756808	178.8420475	103.8404196	862.9329193	789.9667468	683.2877156	131.6367362	149.2856589	96.29759098	0	0	0	3281.969028	3300.76384	3094.683873	0	0	0	0	0	0	70.54705381	57.08075324
FAO-PWY	4266.976083	2297.155	2013.93828	1855.022066	13842.16873	10465.49859	12347.83001	11544.47376	13531.85248	7864.642265	6774.892517	5586.907631	5484.961544	9241.030286	11014.15971	10803.00357	7358.320424	7992.211423	9680.27868	17638.24905	18534.94044	15180.54701	16685.19685	14194.83927	12998.5304	6006.429462	7432.527975	4815.433891	2393.266642	1876.31419
FASYN-ELONG-PWY	4829.813681	2754.508044	2510.165558	2455.925148	13186.79586	9858.21238	12072.8808	11716.4849	13646.57983	7962.316146	7568.613248	6428.36477	6156.426456	9819.641714	11628.32988	11263.59338	6560.789753	7236.992876	8707.876204	19335.78507	19973.6047	16546.48658	13945.9427	11878.6158	10786.5847	6484.971097	8066.630777	5204.058026	2767.091594	2213.935957
FASYN-INITIAL-PWY	3170.19193	1674.835019	1645.388243	1593.383524	10815.4391	8136.119458	9904.283719	9923.62471	11649.11773	6712.895984	6000.582767	5096.23046	4818.851705	7011.782392	8308.909661	7905.705921	5294.347989	5949.834584	7201.940905	13260.47407	13742.79705	11359.71006	11998.28861	10269.94093	9084.900732	4680.533915	5794.058666	3748.910416	1883.291695	1388.32132
FERMENTATION-PWY	2165.072495	1382.295428	1239.985445	1180.225927	7719.842037	5787.844081	7032.022716	6745.194353	7960.293088	4599.585603	4240.154525	3522.412411	3417.155382	6532.882574	7832.063757	7582.056591	3725.969717	4191.085004	5014.898462	9670.079239	10116.24232	8208.334307	8721.476116	7431.266795	6717.969782	3165.22778	3928.24612	2556.507415	1307.854421	1032.805783
FOLSYN-PWY	3130.013084	1900.094932	1676.435245	1590.753624	7844.346201	5899.262151	7098.741071	6881.534351	8089.280618	4649.83565	4579.276016	3852.113682	3698.484958	5598.671239	6658.131648	6452.554781	4016.393446	4431.088192	5321.426913	11369.72567	11777.78665	9686.702553	9286.427029	7862.521369	7246.664484	3554.91166	4398.775545	2830.431516	1795.363488	1426.011097
FUC-RHAMCAT-PWY	0	9.190570808	0	0	0	0	0	0	0	0	0	0	0	0	0	0	0	0	0	0	0	0	0	0	0	0	0	0	4.292612138	0
FUCCAT-PWY	5.943630408	52.51956043	24.00027199	64.0851178	0	0	0	0	0	0	24.90566458	24.74290985	22.3906357	0	0	0	0	0	0	42.84088322	41.96043956	0	0	0	0	0	0	0	10.40934658	24.19502064
GALACT-GLUCUROCAT-PWY	817.6571162	464.2032054	435.6024123	410.6060824	1189.82412	727.4742192	1274.126325	1820.683639	2209.05583	1262.492289	1224.177106	1022.252029	944.1891353	420.9973969	423.3421856	361.7355048	74.40863488	82.24799591	80.10077454	18.40745096	17.79645269	0	76.87642852	33.64309169	21.34814161	0	0	0	485.7086658	380.172438
GALACTARDEG-PWY	404.9706459	231.11334	210.0528948	196.8370538	0	0	0	0	0	0	61.40017665	52.27370562	59.18626326	19.96765243	0	11.4589079	9.952081997	0	10.95999683	28.08710614	26.41583574	26.47775811	0	7.982345681	0	0	0	0	234.8940637	151.8259577
GALACTUROCAT-PWY	1485.456659	930.95509	901.078965	847.4028833	1375.797687	858.0467942	1455.155663	2021.979445	2435.367578	1398.285174	1502.295151	1291.155221	1171.396069	476.0057592	488.6117725	405.5454451	143.8447745	153.6540171	154.8298327	447.6131253	383.8158773	134.198743	291.8853161	226.8193662	215.7994068	91.1785755	73.67891468	69.40136691	918.710807	693.6971572
GALLATE-DEGRADATION-I-PWY	498.635139	264.8944003	225.7301246	188.0692903	522.6033952	389.5776005	373.2700163	246.3031402	350.6061012	251.3313203	353.5743368	227.7315615	230.8142857	0	12.79069767	0	196.67	161	212.42	8.75	11.28	11	35.99767424	0	16	99	125.7954545	90	255.4971877	203.8520305
GALLATE-DEGRADATION-II-PWY	206.9073637	71.20972417	69.06004253	64.6299769	594.7079893	440.8313907	430.8663793	250.7122618	372.1165018	283.4473519	45.117015	0	22.90284094	0	12.79069767	0	37.94799467	32.37988827	44.33440148	8.75	11.28	11	34.5031247	0	16	99	125.7954545	90	85.2496696	80.20794607
GLCMANNANAUT-PWY	139.1356598	70.75303704	34.44596425	14.51252368	0	0	0	0	0	0	45.18500438	0	10.77886645	0	9.203762378	0	0	0	0	31.03893474	18.66061136	0	0	0	0	0	0	0	102.69776	93.73573986
GLUCARDEG-PWY	425.2635536	231.6319334	215.9489959	213.508837	0	0	0	0	0	0	61.88202271	52.81565235	60.07196073	19.82207804	0	11.63213842	9.962205735	0	10.96442956	28.08710614	26.41583574	26.47775811	0	7.979373364	0	0	0	0	240.8210941	145.4703752
GLUCARGALACTSUPER-PWY	404.9706459	231.11334	210.0528948	196.8370538	0	0	0	0	0	0	61.40017665	52.27370562	59.18626326	19.96765243	0	11.4589079	9.952081997	0	10.95999683	28.08710614	26.41583574	26.47775811	0	7.982345681	0	0	0	0	234.8940637	151.8259577
GLUCONEO-PWY	3311.257037	1959.763354	1769.862805	1661.118204	6918.850543	5192.471023	6282.915191	6231.102722	7317.286347	4203.62728	4650.762434	3937.508868	3761.994821	6055.019485	7221.078421	7012.235303	3532.432754	3890.285727	4692.576408	11252.65983	11727.42535	9595.891549	8111.231561	6866.739485	6307.265443	3210.495006	3973.208708	2546.323857	1917.213357	1509.709436
GLUCOSE1PMETAB-PWY	722.152964	407.8192689	298.1448488	348.1267264	7010.41235	5394.812924	6237.16462	5316.707293	6176.223917	3574.920339	2489.618295	2054.808743	2053.902664	4318.096437	5122.911008	4984.432372	3396.872685	3843.386547	4627.548948	8681.23108	9011.049911	7482.276002	8857.585696	7548.480648	6849.986346	3256.257128	4060.443008	2634.415682	378.6773554	320.9963998
GLUCUROCAT-PWY	736.5921516	407.0436419	372.358005	362.339433	1308.551724	803.1109001	1396.093375	2010.125236	2442.608484	1393.825363	1268.142186	1043.460058	969.1373289	452.109458	446.2231066	386.7242067	68.40323883	78.59567099	71.68721894	20.48474636	31.55558613	52.71292177	120.1414562	33.05246141	44.09120644	0	10.78107882	0	432.8105605	345.4385649
GLUTORN-PWY	3209.716207	1940.71037	1704.449222	1660.551805	7787.4023	5861.38384	7017.572892	6678.369604	7860.271492	4537.004357	4059.520248	3406.553725	3255.537482	4746.493757	5610.734718	5293.856543	3988.881071	4573.721101	5476.812527	10642.66398	10957.75838	9035.507446	9395.239471	8035.254588	7050.241769	3583.840285	4449.573035	2868.058352	1866.244364	1466.482642
GLYCOCAT-PWY	1145.29236	740.8189655	767.6094142	786.3753702	1335.684711	1033.708775	1029.623231	740.0800254	932.766749	594.9485683	2310.194353	1959.836608	1924.732091	4232.86539	5046.43647	4906.310452	1163.191715	1244.729771	1781.975711	7544.818412	7884.140642	6560.469043	5524.286365	4622.654298	4257.587828	2388.438829	2908.665629	1843.408915	838.9240141	651.4477336
GLYCOGENSYNTH-PWY	1843.212911	1198.425063	1107.215331	1091.413667	2967.567662	1989.219897	2706.273088	3068.634705	3775.382644	2217.376618	3327.945355	2803.141691	2745.138369	5067.083437	6040.245186	5803.165002	1055.181494	1145.160373	1627.899254	8253.520097	8642.315237	7163.665222	5142.272613	4256.959403	4022.851115	2095.468047	2526.561261	1570.180518	1121.755916	960.3153193
GLYCOL-GLYOXDEG-PWY	0	3.425683501	0	0	0	0	0	0	0	0	0	0	0	0	0	0	0	0	0	0	0	0	0	0	0	0	0	0	1.772590853	0
GLYCOLYSIS	3155.92698	1899.33292	1651.951184	1588.599996	6030.191603	4381.040246	5661.417145	5997.198649	7071.087845	4034.759079	4368.0273	3639.058669	3535.117081	5681.62147	6783.00019	6578.78789	2097.537828	1922.885623	2564.531878	11160.82267	11662.94966	9519.840012	6898.034524	5743.524884	5509.481843	3035.352188	3762.853144	2382.524769	1768.200376	1408.438232
GLYCOLYSIS-E-D	2608.386356	1402.630004	1374.29691	1272.849141	6185.955876	4543.987483	5735.704253	5774.70836	6801.229278	3902.474585	3797.029739	3139.492174	3038.965926	4033.523402	4507.43311	3785.572946	2345.478658	2243.833864	2928.708049	9445.412964	9910.876826	8186.071486	7269.981906	6084.616621	5742.513095	3048.665316	3775.74433	2409.41242	1482.486362	1136.158256
GLYCOLYSIS-TCA-GLYOX-BYPASS	2940.595718	1617.787776	1489.686027	1382.830814	6295.449256	4590.930176	5923.676056	6349.990014	7483.575206	4291.689736	4243.366099	3526.049218	3399.781654	4556.964047	5221.798955	4786.330943	2537.346414	2461.780971	3182.100836	9655.885427	9968.118484	8190.800981	7621.925934	6363.754624	6042.270891	3195.309488	3947.273998	2521.416276	1668.94909	1239.322762
GLYOXYLATE-BYPASS	2353.329554	1410.337959	1174.120328	1057.643233	6772.895444	5182.78212	6048.373165	5588.719205	6555.826528	3835.220044	3536.480756	2981.73718	2810.772674	4369.740656	5204.141565	5032.187189	3385.38535	3788.54254	4578.524281	10554.72803	10892.41548	8976.632281	8529.401039	7232.316468	6572.382851	3115.834931	3844.890029	2479.538826	1368.443978	1088.54443
HCAMHPDEG-PWY	0	2.994863014	20.96580725	0	0	0	0	0	0	0	0	0	0	0	0	0	15.20596493	15.33859511	17.39060851	0	0	0	0	0	0	0	0	0	3.187907308	0
HEME-BIOSYNTHESIS-II	2794.496309	1540.74401	1458.318579	1332.054941	6397.314332	4790.242271	5857.553325	5861.92	6891.67	3949.825949	4064.431096	3425.348043	3222.977797	4532.760964	5389.025844	5232.428609	3259.968563	3572.268062	4295.816446	9136.268126	9372.922854	7735.741205	7384.734941	6245.085408	5791.638042	2901.896293	3585.265317	2305.308232	1580.198274	1244.381741
HEMESYN2-PWY	3252.601285	1829.015998	1718.970346	1580.093783	7378.904182	5527.56117	6748.041671	6754.307075	7937.812525	4555.465843	4746.375998	3978.75318	3781.040681	5382.376218	6394.789081	6257.615764	3691.20394	4023.540749	4846.683388	10714.60577	11033.91708	9095.239704	8410.348263	7100.671448	6623.833783	3314.924344	4096.082941	2632.486995	1853.29598	1469.147612
HEXITOLDEGSUPER-PWY	0	30.88757215	0	0	0	0	0	0	0	0	0	0	0	0	37.50050337	0	0	0	0	0	0	0	0	0	0	0	0	0	25.15634347	0
HISDEG-PWY	2332.244029	1374.246679	1218.057923	1040.577487	6887.137166	5179.818669	6342.588817	5928.896946	6986.190033	4112.920015	3674.371433	3079.627041	3014.889197	5069.593476	6078.415496	5804.936179	3148.732221	3504.036255	4240.30306	8432.949719	8815.712307	7307.84747	8217.031613	6996.108105	6354.467294	3147.343511	3921.769353	2536.595983	1393.385575	1010.366248
HISTSYN-PWY	3308.993388	2001.298566	1766.555909	1644.976696	7368.207779	5530.16884	6723.946668	6643.452302	7799.410581	4468.939976	4324.80013	3664.222232	3472.347621	4649.896335	5494.106731	5310.780331	3724.238485	4108.05893	4922.838585	9735.285837	10012.85815	8232.533928	8258.572794	6998.062093	6431.373806	3159.94102	3910.769457	2524.081585	1901.481554	1495.317001
HOMOSER-METSYN-PWY	784.399302	717.1633696	468.2538653	592.3979035	332.4487273	233.6028164	244.5846308	367.2636627	397.3490645	209.3067519	1773.066377	1566.975156	1544.244062	4187.7587	5080.997592	4840.491949	292.9786121	529.1377892	592.8799904	8882.323242	9359.444184	7767.10275	4202.555781	3486.108608	3295.705697	2054.320734	2440.915731	1540.45072	498.2440397	407.0003953
HSERMETANA-PWY	3805.630053	2192.437464	1888.444437	1872.025729	7384.118061	5437.828501	6901.944948	7261.214576	8577.595035	4936.166642	4134.114191	3454.92255	3275.810231	4617.317579	5492.763625	5314.92902	3486.764311	3844.031165	4596.807345	8614.514994	8761.428747	7051.969906	8100.325301	6845.904311	6240.35264	3122.739654	3877.852168	2492.516858	2167.293264	1674.003354
ILEUSYN-PWY	6043.67097	3512.064265	3117.649148	2827.225299	9100.437055	6753.527151	8353.280339	8549.142672	10138.19409	5858.146863	5966.461102	4947.158103	4744.91124	5864.968842	6957.412493	6692.049877	4366.951045	4750.026961	5753.632216	11745.20742	12028.75465	9760.981172	9476.390762	8030.349152	7284.401001	4180.73829	5156.399578	3331.888852	3571.907746	2735.940072
KDO-NAGLIPASYN-PWY	0	15.86690949	0	0	0	0	0	0	0	0	3706.784276	3142.392109	3062.148458	4833.090231	5751.354005	5564.531462	0	0	0	8241.888366	8563.97973	6962.194572	1653.192568	1451.838013	1291.052605	446.2054846	502.010776	335.0753659	10.58445527	0
KETOGLUCONMET-PWY	394.3364328	179.2078733	144.0599002	121.5807595	0	0	0	0	0	0	434.6741964	274.8821487	271.2631952	0	0	0	46.76427997	27.62153029	64.42288197	0	0	0	33.23872242	25.53022933	11.81620932	0	0	0	206.8620299	97.52336988
LACTOSECAT-PWY	0	0	7.885733618	0	0	0	0	0	0	0	0	0	0	0	0	0	0	0	0	0	0	0	0	0	0	0	0	0	0	0
LEU-DEG2-PWY	2787.522216	1435.318557	1255.574375	1238.665347	7798.474768	5872.465352	7135.207151	6893.18918	8097.898606	4674.098731	4594.401296	3804.172409	3659.692378	5151.709777	6126.914702	5880.857627	4105.377887	4511.213301	5412.709925	3710.039527	3976.809608	3389.505269	9003.361194	7653.984591	6990.848334	3632.743808	4516.396162	2919.450061	1593.458499	1183.88181
LIPASYN-PWY	118.2680462	102.392781	50.56413514	177.8327998	133.2110643	117.3371091	113.4007219	67.79265824	108.0482462	62.49786459	0	0	0	0	0	0	0	0	0	0	0	0	0	0	0	0	0	0	58.76464619	0
MET-SAM-PWY	1390.862089	1124.547064	813.7628156	934.6456672	730.762424	514.7456371	544.2588915	800.3995104	871.04337	461.1092198	2882.681797	2508.393741	2459.567186	5664.756903	6816.523002	6562.031547	611.9609063	1037.379431	1175.064875	11405.99873	11927.22138	9875.709953	5982.92717	4999.502781	4688.241747	3005.511648	3624.302457	2295.403647	864.6388695	691.6851184
METH-ACETATE-PWY	60.04872894	0	0	15.81432896	0	0	0	0	0	0	0	0	0	0	0	0	0	0	0	0	0	0	0	0	0	0	0	0	0	15.80582395
METHGLYUT-PWY	0	4.279551258	0	0	0	0	0	0	0	0	77.63852684	69.67154691	54.56743247	23.32986683	34.5695628	26.51758934	266.0485976	295.6645653	419.2738468	19.70149486	12.49562058	14.15994825	897.0787931	811.7684334	589.6993163	169.4244445	165.309648	106.7345074	2.215174636	0
METHYLGALLATE-DEGRADATION-PWY	526.0678598	294.5242714	252.3681505	216.3530221	648.2002108	483.3147749	463.6557412	306.2411763	435.3498252	311.5629833	435.5462653	281.3956748	285.1740331	0	15.98489447	0	244.6059916	200.5045233	264.4296554	10.93675177	14.09881897	13.74864807	44.98283992	0	19.99647742	123.4614297	156.8694844	112.2013979	273.8573537	225.2986003
NAD-BIOSYNTHESIS-II	755.2759438	291.5683183	299.2439811	320.1836181	843.8880372	582.0912928	741.9928836	763.9838605	964.4173809	566.0965521	685.5387326	586.0468241	434.3971425	85.44760787	133.8663129	87.50745267	1193.609305	1207.253904	1515.848795	0	0	0	4243.487284	3469.661386	3582.160491	506.7414623	518.2919298	275.9722702	363.5436942	308.2527784
NADSYN-PWY	1283.074633	811.5650697	728.5763175	627.4512596	1223.168385	817.2100953	1357.05731	1852.580156	2310.739984	1325.555354	1688.652355	1418.127863	1315.190058	579.5692498	625.129086	478.4373521	96.30253979	141.447235	191.8187448	937.9743932	1070.671743	811.693937	47.36952754	39.35398929	5.741262042	122.6068935	118.7749803	78.36040618	808.1407082	538.2780279
NAGLIPASYN-PWY	2901.445115	1667.302411	1576.406072	1505.389668	6579.497198	4906.287184	6092.340031	6191.677483	7305.448774	4183.956754	4323.069312	3673.474051	3460.816744	4668.118747	5526.657106	5317.766482	3214.736898	3562.038024	4312.455404	9118.476728	9413.033244	7723.135083	7406.714233	6299.453125	5761.903173	2824.496211	3520.617767	2248.865766	1783.568415	1311.367763
NONMEVIPP-PWY	3097.73211	1855.048529	1645.592136	1611.533636	5793.201874	4425.539131	5125.758232	4712.058718	5485.063068	3134.75309	2904.882593	2490.392883	2350.128639	2160.818968	2512.318595	1931.066842	3245.325658	3588.548983	4304.302087	9079.335581	9390.890838	7735.441864	7466.257707	6319.782056	5792.255502	2900.577492	3570.725066	2303.148509	1790.325353	1399.757373
NONOXIPENT-PWY	4369.518458	2570.483968	2403.759204	2187.362996	7620.749243	5593.215427	7147.886986	7501.300608	8906.379871	5085.856163	5346.012338	4477.617186	4264.304033	4985.913506	5879.355386	5624.536652	3567.438942	3898.194203	4725.907653	15447.32097	16059.75623	13103.09612	7968.977151	6749.04185	6156.596444	3004.06868	3691.957275	2374.599784	2517.071356	1934.887016
OANTIGEN-PWY	2703.767333	1566.011263	1318.141293	1289.776255	6543.878481	4936.736699	5886.754649	5587.321298	6558.538182	3786.29481	3541.234951	2990.144792	2864.025282	4510.929719	5362.211816	5176.018874	3358.601454	3708.555607	4476.15835	7858.181856	8107.954242	6736.510024	7991.053174	6762.271311	6188.826386	2482.908481	3045.767075	1954.582729	1507.993333	1198.816964
ORNARGDEG-PWY	0	4.653098576	0	0	0	0	0	0	0	0	315.261703	269.8049241	272.7999591	122.119621	160.5212857	0	184.6837375	496.3379231	589.1055233	0	0	0	168.3027572	237.8251034	0	0	0	0	3.097629089	0
ORNDEG-PWY	0	3.98120963	0	0	0	0	0	0	0	0	0	0	0	0	0	0	0	0	0	0	0	0	0	0	0	0	0	0	2.653327927	0
P101-PWY	121.8875501	68.16046162	23.69055101	4.995057454	216.035017	151.5798566	125.0392273	62.07220349	51.07799069	0	99.5271449	61.02947142	76.48697673	93.81187033	0	91.84361164	0	7.490414665	0	9623.802322	9979.156509	8040.544865	84.21350081	71.86593517	91.15820263	580.6203187	755.099906	403.7253305	94.21852512	65.69805003
P105-PWY	3740.19213	2195.814212	1900.966562	1792.565155	5180.845681	3735.647477	4988.31388	5881.530567	6956.364666	4011.945065	4832.693373	4067.541085	3888.134134	5602.811156	6686.945706	6428.549302	2501.152481	2605.596745	3219.538781	11559.65148	11998.15987	9851.695464	7272.068783	6012.03474	5842.266947	3144.367247	3824.674913	2428.326684	2173.799325	1695.546518
P108-PWY	2811.662074	1710.58401	1583.073326	1430.237074	2308.562043	1525.99782	2332.768129	3171.926645	3804.165362	2242.082104	2999.684039	2606.081099	2399.672045	988.775698	1130.238539	854.4964116	447.356552	434.8856135	511.0001139	605.271783	701.3294875	374.5937424	371.8320577	196.1953298	198.0710376	264.022581	230.7186328	190.6719874	1650.019753	1411.079595
P122-PWY	490.0690124	178.9667124	399.5397554	196.9848819	79.95547036	65.24866681	71.313006	89.95758389	72.92116802	0	231.8515591	47.58867744	77.60773482	27.79949328	69.78245155	31.81912147	0	0	0	182.152813	209.848921	86.54582078	107.9265117	83.33620884	76.78592021	0	0	0	83.86742317	114.0229591
P124-PWY	538.721815	199.8255145	438.7680672	219.2567301	145.5610161	94.61430435	110.4711087	102.6861296	83.26926257	0	266.6492103	54.49039929	88.96963991	31.85891701	80.3569354	77.50371352	0	0	0	342.9881936	437.0009948	284.5301549	848.8134	722.9288679	655.7784429	113.4909475	136.9905861	92.53133802	95.06684902	128.2826437
P125-PWY	157.8888705	101.6247484	102.7742738	64.61294603	111.5119627	73.14950685	65.96553919	61.16816164	58.77508274	37.18280713	131.8988181	47.52907747	123.0508921	83.77474001	22.47783059	79.22483946	181.68005	117.0596533	254.5231454	0	0	0	20.39758956	15.59832543	14.39847483	0	0	0	95.67809337	154.9504246
P161-PWY	716.7522604	406.9581472	348.5790507	311.4992971	208.1440972	121.6199959	109.7292096	125.5919448	97.78634038	77.76443257	2033.479315	1660.358148	1842.034312	6067.553036	7371.311783	7401.970147	378.2175915	312.7484095	489.4450917	8694.084298	9257.140198	7349.010045	531.7609486	457.9966344	406.0476295	150.9424385	188.6162698	94.88670903	441.4331262	348.7297459
P162-PWY	15.33541715	28.6357953	0	0	0	0	0	0	0	0	0	0	0	0	0	0	0	0	0	0	0	0	0	0	0	0	0	0	0	0
P164-PWY	1093.78826	581.0359977	530.1277555	560.030367	0	0	0	0	0	0	218.2875649	197.9431712	276.5245074	0	0	0	0	0	0	0	71.63405173	204.2498814	23.93716629	0	0	0	0	0	386.4152506	359.6696597
P184-PWY	458.9214527	257.4557546	202.8773716	194.7186401	383.955207	249.9897061	287.379039	211.8664678	264.6447318	208.5463541	450.4190158	288.9090139	293.0498298	0	16.41529102	0	233.3533095	186.6266638	242.330631	10.42504632	13.42780625	13.99899887	45.63609881	0	20.36102778	0	0	0	230.9934004	240.8886927
P221-PWY	479.9680057	170.6545787	216.3157679	297.2878348	6694.95567	5094.17122	5868.397607	4724.573437	5533.386783	3264.109659	1636.371056	1299.914999	1247.415834	801.3368246	845.2205706	568.8046035	3829.554151	4149.539038	4993.726983	3744.629832	3774.1415	3130.571955	6183.059484	5387.019775	4491.097959	1903.549997	2280.118252	1505.417424	277.3833121	289.8349405
P23-PWY	1792.577314	912.2177356	967.9165747	891.5327597	0	0	0	0	0	0	1374.903738	1331.026908	1374.866218	361.4884326	419.3376452	447.8107961	33.48773353	0	0	49.17498262	95.09754571	64.87152606	122.5421589	0	29.90683319	0	0	0	832.7011913	658.5936393
P261-PWY	37.19297126	86.12992293	51.52710225	38.27742073	0	0	0	0	0	0	0	0	0	0	0	0	0	0	0	0	0	0	0	0	0	0	0	0	67.18262296	67.12276762
P281-PWY	793.497586	329.6994426	310.8705006	310.0670933	540.3549674	411.087632	454.2929802	525.2770471	589.4478052	420.7515392	572.4187067	377.6720375	354.4465191	0	23.25404557	0	125.1410894	66.06176472	117.9561603	28.40633846	50.23307949	0	29.98761367	15.31976435	0	0	0	0	446.3601487	227.8112042
P4-PWY	1994.530634	1393.124277	1083.18918	1163.854816	1453.385205	1026.929675	1112.174611	1570.224118	1727.279928	924.9365522	3523.914345	3031.812415	2931.799995	5350.901538	6384.596651	6158.407845	1095.115749	1642.017366	1911.468051	10870.34196	11267.81097	9353.267034	6744.48939	5611.298478	5381.254738	3173.310135	3870.987359	2450.993342	1201.831568	960.1997524
P42-PWY	1714.02228	1147.903371	1098.287424	1133.576448	277.0272347	136.6558448	204.4346864	343.4531593	332.3173628	261.337405	2853.887468	2405.248801	2356.334733	2414.269997	2574.830591	1769.215958	427.4840092	437.7257555	333.4823032	202.3294106	507.1867865	445.5121289	511.4639684	137.9544519	103.7965003	264.2786057	228.5798064	241.9812879	1064.920406	951.5695918
P441-PWY	326.2062428	181.043947	100.1118341	45.85848488	0	0	0	0	0	0	146.8972554	0	36.16124897	0	30.18179615	0	0	0	0	103.3159544	62.31488898	0	0	0	0	0	0	0	212.9272447	195.0283706
P461-PWY	0	13.95680955	0	0	0	0	0	0	0	15.97409914	321.1676849	361.2789989	238.3308047	41.77427047	149.5869972	23.93871659	0	0	0	148.0249945	163.6808164	59.61972965	35.8196088	33.1520497	26.6174538	0	0	0	24.52142366	0
P562-PWY	311.7528502	120.3313061	106.2495834	22.43445218	247.67623	172.5962526	248.3422408	218.9295833	309.2228197	182.3056908	113.75	74.68465909	84.81304006	8.290909091	0	0	135.1208745	85.99867537	122.8781335	57.35418543	47.86048294	0	25.96774194	13	14.90322581	0	0	0	200.1270241	192.101417
P621-PWY	82.60897436	0	63.09163347	0	0	0	0	0	0	0	0	0	0	0	0	0	65.77119785	45.53571429	53.71835862	0	0	0	0	0	0	0	0	0	79.42386831	83.34677419
PANTO-PWY	3228.413257	1951.27654	1744.385003	1645.165984	7171.186423	5380.572211	6509.493354	6327.749292	7455.365368	4277.74708	4190.601539	3497.995761	3335.855546	4661.130279	5503.487162	5305.958493	3663.450343	4063.679283	4891.902747	9538.76617	9866.303438	8121.928786	8310.652933	7057.441239	6413.900235	3091.662141	3843.202831	2476.313613	1875.296154	1484.207293
PANTOSYN-PWY	2987.551555	1772.964304	1613.949234	1516.427486	6813.582673	5107.311222	6214.582337	6150.057457	7237.118344	4154.464267	4133.984605	3458.950097	3302.5294	4622.349556	5477.183636	5269.509199	3431.285538	3813.484671	4580.379621	9303.959398	9638.517102	7894.18609	7829.656548	6644.846884	6051.875834	2972.68021	3684.710439	2371.691411	1761.574186	1312.642873
PENTOSE-P-PWY	2363.198717	1428.32793	1477.668499	1335.806554	3753.753812	2620.873097	3535.621104	3807.58732	4674.809737	2696.663279	2834.962745	2359.113152	2154.103375	1489.932368	1659.15672	977.249052	709.6176693	1349.453606	1643.749641	12257.89776	12831.01131	10504.55688	6134.819486	5182.038886	4651.447177	2572.123616	3126.166315	1995.174001	1437.567074	1164.665312
PEPTIDOGLYCANSYN-PWY	3091.036043	1883.651251	1648.827659	1527.662282	6440.241608	4820.613945	5880.088371	5872.640691	6904.369232	3965.067076	4099.500669	3468.317384	3304.359535	4581.008498	5434.659028	5245.488681	3277.479139	3629.743248	4363.158032	9204.776839	9468.042716	7795.305589	7459.347256	6316.981313	5791.808613	2902.950937	3585.2412	2307.147274	1769.135855	1385.457971
PHOSLIPSYN-PWY	3897.167377	2270.908844	2044.168131	1953.576259	10453.84474	7912.861181	9341.068508	8658.762861	10170.34513	5882.525765	5464.800712	4616.383936	4428.727156	6619.814254	7836.268071	7429.958129	5785.27685	6459.661984	7694.405474	12601.25786	13030.80217	10661.2424	12314.21683	10529.16649	9399.432589	4294.185805	5331.543919	3484.49224	2262.798117	1762.749846
POLYAMINSYN3-PWY	837.8477621	399.2396682	333.9829665	333.0530208	1137.483275	859.5879942	1069.214038	1320.450809	1496.326036	946.5754659	549.968737	527.0713979	384.2221172	273.6878018	309.8761806	141.7610085	604.8806611	641.6677838	898.4677102	548.2248638	703.1029201	384.9443947	3708.525209	3055.735768	3015.770178	1976.007445	2440.779801	1477.53215	470.3941244	296.596275
POLYAMSYN-PWY	1107.663354	541.5392725	432.4122197	453.3710636	1116.293752	844.2374636	1048.092439	1280.006508	1449.867426	914.3211888	1501.454765	1275.940635	1236.580552	757.9441618	838.8747708	650.7327297	594.211203	630.6851518	880.1384934	3135.40705	2910.007033	2787.388012	3487.385414	2883.726368	2818.058131	1958.238981	2418.371793	1461.95441	596.0057141	441.512099
POLYISOPRENSYN-PWY	3188.06612	1945.190967	1721.129884	1655.632191	6613.31893	4949.088103	6044.175215	6118.203044	7172.721087	4112.353309	4167.131393	3531.839314	3349.574635	4647.82645	5508.348094	5256.729671	3275.67604	3695.691818	4434.613828	9179.561419	9464.274687	7767.308708	7595.823299	6451.66336	5801.389143	2941.371516	3615.550298	2325.291873	1869.454978	1473.709448
PPGPPMET-PWY	893.1921032	543.6156474	352.7640941	456.4329243	5499.502875	4178.027935	4941.988082	4357.922502	5011.521142	2859.602414	3104.282536	2672.836236	2537.179559	4819.45553	5764.406764	5582.173611	3249.804229	3612.25475	4315.945309	9713.107146	10113.41306	8392.585798	8730.227704	7370.394463	6914.904105	3379.741813	4136.890662	2670.097853	480.8468644	393.90764
PROTOCATECHUATE-ORTHO-CLEAVAGE-PWY	872.091196	356.7923497	334.1747452	293.8017112	7143.531519	5470.936241	6261.022308	5415.338668	6287.026582	3644.815431	1523.129247	1151.272622	1152.612721	697.9375762	799.3973234	471.8635171	4131.346395	4678.498734	5616.267303	125.7959988	171.3294069	87.32726358	6397.81618	5682.548282	4321.067721	1526.902856	1924.292198	1341.8922	523.5782816	324.0333623
PRPP-PWY	1619.926255	900.0633777	589.810373	739.9658562	3043.144949	2380.742825	2929.140583	2920.241137	3232.773209	2066.903247	3581.887248	3045.442329	2979.44937	5060.244481	6031.812852	5831.098173	1715.80186	1637.193672	2329.571626	9649.151243	9996.454703	8155.863001	7314.230968	6160.937664	5751.308227	2154.125709	2495.556379	1531.397581	959.3315181	779.099667
PWY-1269	2698.571317	1565.005291	1455.052303	1429.105463	6413.052273	4813.879703	5898.342887	5936.249681	6980.328302	3993.529164	3911.816598	3315.610064	3129.199841	4519.35	5365.654572	5204.31	3202.72	3527.45	4271.12	9035.570816	9315.677566	7626.678558	7371.079771	6262.878244	5780.41	2859	3547.87	2266.5	1614.458082	1238.302504
PWY-1361	163.226218	56.42926654	63.02744401	55.53332476	366.6317658	229.6897048	272.9779827	166.8427443	230.1715138	214.6411336	588.3112119	409.0262082	409.6582918	0	0	0	206.3981393	106.0743463	167.453681	0	0	0	8.003809313	0	0	0	0	0	76.50229174	73.37427458
PWY-1422	0	0	19.96839166	0	0	0	0	0	0	0	0	0	0	0	7.496678053	0	0	0	0	0	0	0	0	0	0	0	0	0	0	0
PWY-1501	0	0	28.34096836	0	0	0	0	0	0	0	0	0	0	0	0	0	0	0	0	0	0	0	0	0	0	0	0	0	0	0
PWY-1541	0	0	0	0	0	0	0	0	0	0	0	0	0	0	0	0	0	0	0	70.15708304	154.7662437	40.80370183	36.83453807	30.58539639	41.94648292	167.7745591	168.1492641	107.087928	0	0
PWY-1622	0	226.8153491	0	28.92574109	0	0	0	0	0	0	0	0	0	0	0	0	0	0	0	0	0	0	0	25.99723462	63.32514165	194.1289136	175.3835334	141.3770454	0	188.8810062
PWY-181	930.9024682	785.0525998	621.0465573	266.1583007	924.2199271	585.0024271	694.1733081	613.0920257	770.360482	650.7118156	1067.984355	965.0856609	613.8372519	176.4815662	211.0725397	184.0888102	839.4114505	672.6934338	1025.892688	1389.677358	1450.604042	618.628582	5207.788826	4277.237311	4017.384832	1947.383418	2310.610292	1443.775213	650.7073234	504.8387702
PWY-1861	523.5219754	481.5600874	420.1293324	430.8589662	753.0329678	566.8891384	716.4463141	508.7870139	517.3261696	195.6750495	121.6946434	0	0	0	0	0	0	0	0	63.75441251	95.47002103	59.74590785	23.92795725	0	0	0	0	0	402.2612771	217.1892651
PWY-2941	10.9767995	0	0	23.78068278	0	0	0	0	0	31.84328592	0	0	0	0	0	0	0	0	0	0	0	0	0	0	0	0	0	0	0	23.7579533
PWY-2942	3918.860013	2341.861892	2108.78169	1957.232709	7632.21696	5665.494961	7021.31812	7178.966702	8464.536405	4876.644418	5425.877757	4594.067853	4381.057278	6343.127974	7521.639697	7287.081373	3670.030695	4015.207194	4856.496853	12765.14475	13203.76556	10937.21639	9107.35909	7685.797989	7131.903954	4145.583478	5118.911968	3277.634284	2274.495625	1771.408528
PWY-3001	4037.372112	2405.546749	2200.162962	2034.760161	7991.602858	5906.854521	7346.389778	7399.349635	8764.777986	5044.747639	5712.693963	4829.68367	4625.418458	6593.542703	7819.506018	7579.779276	3879.860927	4277.070339	5137.568236	12347.22625	12707.38724	10424.6153	9226.608109	7801.409571	7191.261924	3955.336733	4889.921275	3141.552971	2370.719293	1847.35599
PWY-3661	390.889996	41.20715727	173.1247791	153.1015496	0	0	0	0	0	0	73.66386467	173.2726465	87.57060354	0	36.63689915	0	86.47977681	89.22529493	141.2752448	1094.761393	864.3436621	374.2532151	64.18956358	71.25885687	61.5395625	82.54316305	84.24952506	56.02176847	293.8473846	310.720933
PWY-3781	9660.981464	5931.356247	5288.07721	4887.68297	20003.40651	14895.26251	18160.76582	18161.3206	21355.28213	12260.04076	12608.38523	10659.58879	10120.25383	10473.64605	11858.65102	11072.17399	9889.558457	10982.94398	13218.61619	15946.48125	16069.6722	12162.4892	21979.12838	18682.63146	16856.11943	7934.337628	9811.220629	6407.721516	5736.82149	4502.968131
PWY-3941	0	0	0	0	0	0	0	0	0	0	0	0	0	0	0	0	0	0	0	0	0	0	0	0	0	0	0	0	8.292107953	0
PWY-4361	0	0	16.3265349	0	0	0	0	0	0	14.45058206	0	0	0	0	9.348830077	0	0	0	0	0	0	0	0	0	0	0	0	0	0	0
PWY-4722	137.5890375	0	70.96116048	17.02451051	0	0	0	0	0	0	0	30.46782373	0	0	0	0	104.0597428	69.10561585	80.2607746	0	0	0	0	0	0	0	0	0	127.3471428	155.6030939
PWY-4984	1376.757515	865.3596877	731.8827107	745.2559364	2197.367184	1523.251622	2350.732379	2615.121763	3364.575197	1971.626552	1847.75887	1543.138503	1476.15408	785.9173575	849.2425355	709.7527965	609.2771895	533.1764768	679.4188657	256.1325281	173.294059	138.1778345	88.6397363	47.3194492	79.44171167	179.3410406	178.000335	121.7726527	852.95147	716.3055264
PWY-5005	6.588557936	0	0	28.38498112	0	0	0	0	0	0	0	0	0	0	0	0	0	0	0	0	0	0	0	0	0	0	0	0	0	28.34032459
PWY-5022	597.7181421	340.8691257	196.6679575	217.1438638	5180.751212	3994.191126	4495.331296	3529.207435	4140.536626	2460.65744	2070.603404	1709.660298	1748.877415	4187.646567	5024.167445	4858.304854	2780.030395	3214.430856	3809.356326	6940.138166	7430.264577	5962.077046	5828.222559	5064.500389	4285.498567	1743.639468	2192.275653	1492.299941	344.7305486	291.4061836
PWY-5028	1247.91927	602.9452273	543.6461518	529.6548232	2440.408258	1834.790127	2159.587326	2445.728915	2927.08452	1762.819199	583.596407	404.3712625	380.1630004	210.1566686	294.1485201	34.87963921	724.1026351	640.9766186	963.5249305	1973.135786	2349.55988	1864.429685	463.6352458	438.6371997	79.42148166	236.8043363	294.2439635	214.1079118	683.3592342	435.0252123
PWY-5097	3775.723697	2265.440453	2030.282445	1896.811953	7432.406395	5525.268103	6829.962415	6955.709896	8197.273462	4719.29138	5125.739626	4346.908642	4142.675447	6002.306975	7125.936892	6901.473337	3604.544285	3948.275894	4770.609291	12105.29221	12510.61485	10345.35954	8821.270688	7446.802823	6902.208264	3905.661667	4823.235774	3090.90265	2200.741258	1714.053892
PWY-5100	663.0010026	315.5213954	365.5142204	339.4223296	33.40912991	30.89550452	32.40729505	449.1762585	502.1356237	179.6491116	2688.62031	2281.008033	2359.234713	5711.042378	6814.387279	6663.592893	176.5865352	175.2942721	242.837127	74.78968181	82.75353419	29.9604104	39.83209986	25.91913009	23.91723663	0	0	0	310.9351082	237.1863461
PWY-5101	6187.723276	3594.724621	3211.270513	2925.655167	10292.37869	7643.995264	9426.119396	9520.834889	11273.3074	6515.990313	6450.217466	5337.87414	5130.285363	6370.563794	7545.734842	7259.198488	4952.163054	5402.806631	6526.004334	12666.72842	12977.31018	10553.21429	10672.71054	9044.009995	8265.539871	4604.577175	5686.442767	3682.454482	3627.619173	2811.079008
PWY-5103	4418.387836	2606.943221	2335.210375	2176.365685	8183.842487	6080.029651	7446.299155	7412.005918	8784.646157	5060.865194	5171.97464	4340.631001	4157.719837	5564.185829	6594.774109	6321.586559	4039.031987	4478.671582	5374.94146	11041.99706	11343.05809	9278.526054	8967.737292	7600.903467	6924.829433	3754.525954	4635.003491	2985.445374	2572.641561	2021.932597
PWY-5104	2398.761345	1097.094625	1031.087351	994.0180064	893.7978196	787.8235679	847.9495504	1109.169983	1315.100776	703.4617016	3615.601062	3075.412967	3132.896107	6113.699587	7285.20832	7058.720768	980.8355209	1178.040926	1691.178827	9649.304491	9851.033813	7954.491557	5529.281718	4591.999641	4304.076181	1315.947076	1555.912792	829.8653564	1366.609647	918.9884742
PWY-5121	2794.478992	1779.637279	1584.036855	1537.483319	5946.69707	4516.900465	5297.539123	4956.665426	5773.452074	3303.604606	2876.011463	2456.01189	2298.67542	1676.327985	1898.43206	1384.333689	3066.384803	3488.788943	4174.471866	5205.744641	5334.079963	4330.802758	6808.356713	5827.66178	5058.764955	2409.303805	2993.717275	1947.996017	1665.687867	1302.975537
PWY-5154	2810.94765	1586.499868	1518.878273	1377.257324	8149.866674	6129.834562	7393.692997	7080.714362	8305.063051	4769.143897	4124.008028	3468.897672	3368.093719	4845.311568	5733.665048	5551.689822	3804.548765	4182.930106	5025.027641	9739.587518	10015.30842	8208.72117	8597.57241	7297.984092	6657.532857	3452.338636	4281.911942	2781.99081	1684.634389	1238.094162
PWY-5177	7.9944507	15.95725099	0	0	0	0	0	0	0	0	0	0	0	0	0	0	0	0	0	0	0	0	0	0	0	0	0	0	0	0
PWY-5178	7.622435033	79.2913706	35.56676104	12.28367649	111.0542604	117.5499896	108.0371289	88.29188398	89.30734793	61.71752702	52.23875412	0	35.56150476	0	0	0	138.0447491	145.1858058	143.0510467	0	0	0	10.52789091	0	0	0	0	0	0	0
PWY-5180	455.0716731	234.6783085	209.9878645	193.4078978	174.179437	152.3874994	130.7518629	97.87082444	84.28705911	68.78247491	293.6977771	230.6703545	265.1934112	0	0	0	238.8166812	183.3746144	298.4986318	57.9730985	123.79471	64.42152064	80.33248215	59.57820022	52.17847836	0	114.6973313	0	276.3977329	232.2305533
PWY-5181	286.4663522	121.8044513	122.3010192	100.4714227	4350.184023	3256.900301	3730.425713	3659.227732	4308.418849	2517.102702	962.4778192	700.6255021	731.1864743	315.4869425	401.3127238	279.9284694	2748.333718	3131.892642	3745.552396	0	0	0	850.1055365	1017.947006	535.5592899	586.6913077	724.6903419	506.3729096	141.1522286	165.0294426
PWY-5182	455.0716731	234.6783085	209.9878645	193.4078978	174.179437	152.3874994	130.7518629	97.87082444	84.28705911	68.78247491	293.6977771	230.6703545	265.1934112	0	0	0	238.8166812	183.3746144	298.4986318	57.9730985	123.79471	64.42152064	80.33248215	59.57820022	52.17847836	0	114.6973313	0	276.3977329	232.2305533
PWY-5183	0	0	0	0	0	0	0	0	0	0	0	0	0	0	0	0	169.6078948	101.1218374	114.0093333	0	0	0	0	0	0	0	0	0	0	0
PWY-5188	3298.049626	1935.090209	1764.097581	1657.440101	7179.973356	5373.852817	6583.834113	6607.829469	7768.165334	4457.163681	4436.404911	3753.887321	3543.248295	4691.15724	5574.801093	5330.288387	3550.847762	3945.842985	4729.855653	9198.219661	9551.89454	7825.517928	8032.772774	6825.227764	6191.059547	3139.507811	3876.953625	2498.518227	1953.947794	1531.033445
PWY-5189	3093.983913	1816.033266	1663.987035	1526.68532	6740.900055	5038.61673	6204.59741	6317.173237	7436.516852	4263.629539	4303.653694	3667.901581	3447.176682	4667.74099	5540.653192	5312.369229	3270.922005	3631.289969	4360.969877	9141.632765	9441.716987	7776.153467	7469.655297	6331.167165	5792.229033	2899	3581.87	2303.5	1845.478632	1444.838594
PWY-5198	0	0	26.97901305	0	0	0	0	0	0	0	0	0	0	0	0	0	0	0	0	0	0	0	0	0	0	0	0	0	0	0
PWY-5304	357.5	199.5	165	152.5	287.5	189	220.5	173	213	150	63	62	22	0	22	0	124.67	93	150.17	724	298	308	8.67	4	1.5	0	0	0	198.5	146.5
PWY-5345	3512.481552	2001.273093	1864.272609	1731.581464	8153.966495	6034.192032	7542.60483	7630.393231	8991.714056	5173.566636	4986.140289	4190.27663	3986.979625	6011.109008	7156.932186	6939.81084	3921.607444	4329.317101	5209.228691	11771.54012	12137.56286	9920.685424	8445.030338	7199.793102	6542.45308	3441.856657	4231.42697	2644.260026	2060.429136	1574.05466
PWY-5347	1437.65037	1181.114543	846.492661	985.9039568	712.9368165	499.9596486	535.643335	793.137547	864.0320295	458.033066	2986.833562	2622.768473	2557.472954	5711.162053	6888.569946	6613.475524	569.0069617	915.0822839	1055.976796	11674.78503	12197.50808	10081.30895	5122.237164	4206.784015	4165.627592	2669.405822	3215.09226	2007.149864	898.4855183	726.4363261
PWY-5384	699.8925565	392.2110587	289.4860263	338.1164442	6335.254933	4761.640932	5733.775875	5182.773029	6053.754116	3536.769886	2795.042587	2270.585692	2286.380377	4424.441035	5255.879184	5148.589068	2918.429981	3261.450494	3967.633013	8877.303592	9277.726892	7677.030547	7752.236103	6583.949558	6059.032239	3089.723366	3849.376566	2479.811306	364.3114728	308.7057369
PWY-5392	13.95220639	0	0	0	0	0	0	0	0	0	0	0	0	0	0	0	0	0	0	0	0	0	0	0	0	0	0	0	17.35938386	24.19094243
PWY-5415	436.7033616	229.3644927	195.1609341	187.4816209	143.2631026	101.5602995	91.81735703	77.86601196	73.67564364	51.53074572	41.88202401	75.44459247	41.52337804	0	0	0	215.5599479	166.8736075	249.634032	18.06126786	90.57096271	46.95162068	62.87281828	11.47081941	40.23205644	0	26.34680167	0	266.4002911	222.0828579
PWY-5417	182.9347345	132.5486505	77.13168584	76.49190218	1276.595513	966.5897039	1009.953158	711.1159673	985.450991	688.9160876	609.3072252	442.7246261	469.5727479	141.2519735	149.9148652	170.0005326	1280.680551	1261.693511	1763.551885	13.27551287	12.53453131	10.7972973	810.2299718	746.5640264	559.9714693	283.0350133	315.7836462	218.6252988	88.24269616	113.9354153
PWY-5419	611.6643668	289.3093052	282.9433936	300.2147645	255.5144233	149.5377297	184.8631631	145.4341656	180.7332866	156.896341	92.06853261	103.7995647	102.1864405	0	0	0	138.7205375	72.48724037	75.21682921	59.75656128	143.74703	53.9040993	2.948756588	0	0	0	22.37651927	0	384.9181037	260.5123969
PWY-5420	510.2282952	260.6739767	223.5734886	218.079542	170.6530199	117.546672	111.6251258	94.99829473	92.28074279	65.56706625	135.3500592	142.1202818	144.4874301	0	0	0	172.7406009	100.7615541	112.7512268	25.06646009	121.9704128	64.06156687	5.047537778	0	0	0	25.60003481	0	305.7973495	236.8553837
PWY-5430	168.1317031	105.7005976	71.92753297	100.9302439	0	0	0	0	0	0	67.33549666	103.2972433	66.51545262	0	0	0	153.1732938	91.87793075	113.8330038	16.09283699	27.55538499	28.10062457	0	0	0	0	27.4994744	0	83.87424973	0
PWY-5431	182.9347345	132.5486505	77.13168584	76.49190218	1276.595513	966.5897039	1009.953158	711.1159673	985.450991	688.9160876	609.3072252	442.7246261	469.5727479	141.2519735	149.9148652	170.0005326	1280.680551	1261.693511	1763.551885	13.27551287	12.53453131	10.7972973	810.2299718	746.5640264	559.9714693	283.0350133	315.7836462	218.6252988	88.24269616	113.9354153
PWY-5484	2843.781201	1712.042832	1438.316529	1399.093365	5202.66834	3694.891822	5018.579504	5679.453997	6720.681418	3811.052494	4030.088065	3317.57276	3252.051249	5609.567594	6711.321336	6508.753825	1475.624194	1264.982472	1746.186439	10476.00997	10938.14188	8934.781129	5853.635707	4815.727612	4771.500731	2702.530089	3351.019997	2097.791829	1545.520208	1256.000383
PWY-5505	2102.182615	1225.34571	1153.037487	1162.074366	2718.991738	2112.08026	2658.792683	3447.483123	4041.962173	2286.357239	2681.428751	2227.905472	1992.824883	947.590768	1039.92806	876.8683479	1605.016762	1631.896818	2001.989083	864.4141154	936.4954434	803.6462831	234.0187052	244.5922023	170.012761	248.6745618	247.6489811	146.1616564	1345.126323	1086.996263
PWY-5509	1602.272813	748.9898056	660.7728102	671.2271659	6261.935135	4703.005844	5707.036768	5473.957981	6447.448371	3683.394989	2139.910258	1714.126976	1637.091112	812.4377922	858.457079	682.3684716	3038.388217	3414.107228	4054.488084	8548.170202	8945.259458	7383.181258	4905.159636	4303.318129	3571.778005	2588.31307	3285.419616	2136.359812	836.488497	676.0823275
PWY-5529	0	87.79600853	58.83212314	198.3781751	106.7557286	55.56698559	69.68416537	0	0	36.76176779	199.3038718	197.1870456	99.72566655	0	0	0	0	0	0	92.47581069	162.5825039	0	0	0	0	0	0	0	0	0
PWY-5531	231.2177661	191.5673426	174.6732564	179.8081423	91.35976113	49.40042158	62.70309091	106.2290783	102.2131998	64.62372236	146.251816	155.642502	166.9871769	0	11.45365389	10.34953843	91.20083336	45.54996329	97.66897291	69.05869546	109.6684423	23.71914412	46.21300832	27.2387313	52.54248422	88.58205518	70.51446113	45.64920115	166.5547232	182.2917267
PWY-5647	410.4349734	211.9731943	182.0188187	186.4107163	184.7475808	116.967987	141.7675853	92.66009852	124.6586366	113.8756411	106.0359064	116.2569501	114.0277517	0	4.36521878	0	0	0	0	575.4484214	669.7418976	502.1455038	1.822429907	0	0	0	0	0	253.7765882	172.3942112
PWY-5651	965.594344	616.7896282	552.1378892	467.9235052	914.3171122	595.5136189	1053.907543	1491.142791	1891.614737	1090.322066	1324.153736	1109.351907	1016.238813	381.5749905	409.4022431	310.1526866	61.6289218	91.40477667	124.4927094	651.0342568	752.9802045	565.6703923	31.0295843	25.8720776	3.638461074	81.84124228	77.86234869	51.87942008	619.2556998	401.1091098
PWY-5654	381.4143474	188.2953513	161.1787503	170.1314358	156.0219378	98.9056304	117.5228042	75.30275229	101.3734336	93.52941176	86.45021085	95.32480657	93.65105496	0	3.5	0	0	0	0	573.9551563	666.3480949	503.7573402	1.5	0	0	0	0	0	231.5855421	159.8770207
PWY-5655	527.0640246	284.7535785	240.391388	232.1600385	214.5610496	149.2738573	151.1416432	124.8638343	129.7539804	94.25722656	203.9246984	205.6957365	207.0150475	0	9.98815062	0	0	0	0	39.24960867	138.2457979	91.5089561	4.185208746	0	0	0	0	0	323.997097	233.7967004
PWY-5659	3454.226506	2154.168404	1864.022986	1776.936401	7427.370746	5581.345537	6729.515085	6692.034057	7867.623596	4512.072109	3776.678402	3123.159558	2892.845996	1958.817605	2118.524466	1560.840133	3729.23273	4128.011936	4955.255163	15475.21794	16163.09821	12987.13737	8209.301389	6973.96119	6350.499059	3440.64507	4245.187065	2744.735882	1989.953415	1585.847121
PWY-5667	4324.486583	2528.130091	2255.846376	2161.538754	13249.012	10049.72681	11836.82335	10682.29545	12481.37899	7225.145748	5958.613933	5016.364535	4771.407602	6173.532848	7263.270595	6780.351958	7170.450365	8076.926077	9640.940096	12493.53055	12898.37873	10563.56829	14815.00806	12732.75319	11135.40347	4915.713887	6110.066273	4036.338863	2479.700131	1943.520917
PWY-5676	358.0380371	169.1487451	182.1695099	166.0804879	4106.69907	3155.035796	3762.886483	3408.051707	3988.188658	2288.607423	866.9222242	632.4378332	658.1969194	430.4317047	414.7292214	398.955174	1793.6087	1848.750912	2168.70553	106.4471155	139.3210292	42.34896503	2282.989518	1860.887938	1786.86603	1101.647722	1372.5053	919.7507406	216.7686374	184.5081112
PWY-5677	0	0	0	0	0	0	0	0	0	0	0	0	0	0	0	0	0	0	0	0	6.211693639	0	0	0	0	0	0	0	0	0
PWY-5686	3762.207277	2278.571356	2016.723175	1914.652704	7934.417499	5941.643642	7242.047078	7197.247038	8458.541272	4862.427346	4928.332598	4157.540072	3960.564864	5508.203607	6534.833236	6306.350644	4021.45434	4456.744164	5342.462971	11764.85672	12104.54501	9956.565104	9012.036142	7645.436184	6983.64767	3519.285974	4351.32049	2805.342362	2183.659681	1712.40297
PWY-5695	3692.593981	1849.345975	1590.449117	1687.497216	9382.556811	7035.806204	8498.372479	8354.916943	9809.056217	5679.335307	5003.389607	4076.626763	4072.323274	6599.411044	7839.99731	7466.107516	4388.089769	5003.565533	6003.143231	14747.39823	15481.76494	12536.10496	9603.145289	8233.385623	7061.046422	3515.732678	4353.160436	2840.055552	1955.024537	1485.312082
PWY-5705	100.6879846	53.01302887	26.82614336	23.12487584	1015.229987	823.5945819	1011.720168	1467.899349	1645.17735	899.5181867	86.68880423	43.27044565	54.14796519	16.98534341	0	0	54.91297966	56.14467891	64.25791552	93.27661369	141.545278	48.42399258	33.79718275	25.85959852	11.96224755	0	0	0	46.51045781	0
PWY-5741	286.2419323	100.0050819	57.95192574	126.9623059	0	0	0	0	0	0	45.35245529	66.17109996	34.29552142	0	26.35043976	0	69.56748309	54.54762166	59.97821598	49.18788847	121.44951	11.33303057	12.20012609	9.976376799	27.47774184	104.8778813	102.3017732	65.06065549	200.9262174	174.8772834
PWY-5743	0	0	0	0	0	0	0	0	0	0	0	0	0	0	0	0	0	0	0	0	0	0	39.76320531	0	18.62922777	0	0	0	0	0
PWY-5744	0	0	0	0	0	0	0	0	0	0	0	0	0	0	0	0	0	0	0	0	0	0	19.83425641	0	15.30794536	0	0	0	0	0
PWY-5747	869.0210495	448.4343852	382.5053701	345.1605611	5495.291256	4220.753913	4922.124333	4465.789784	5238.227247	3019.6018	2309.329326	1965.587845	1926.756224	4245.189481	5066.635445	4949.910776	2992.89006	3410.18447	4074.001782	8958.12711	9178.991225	7707.942538	7392.099925	6316.434227	5740.780685	3001.038313	3745.7849	2393.194907	476.9527889	317.7713356
PWY-5837	620.054826	540.7703885	434.9116319	374.4656055	145.3879098	111.6463666	77.82672874	0	0	26.66480018	1710.428606	1417.780971	1485.175334	4164.716729	5060.530908	5047.098542	21.28436602	0	30.05640423	5207.257665	5477.225736	4369.333363	262.9500259	233.375761	199.0143712	68.9631363	76.86356001	51.43340699	425.5219585	359.170584
PWY-5838	1257.086344	992.3587424	842.7299735	732.4453186	421.0778905	317.4916048	243.9527375	0	0	88.26615175	2614.676979	2179.022663	2199.184249	4318.859799	5174.671907	5078.040839	62.90503393	0	86.94859056	7290.675023	7588.033882	6180.962238	785.220079	689.5102933	601.2058995	219.3185736	246.195699	163.836973	826.7234922	672.3381064
PWY-5840	1101.082118	892.0179573	703.9223197	650.0212588	321.9801999	249.4381608	182.4512864	0	0	71.82371357	2421.667131	2023.413162	2060.240147	4279.309659	5133.051283	5045.365345	0	0	0	1937.393359	1941.335062	1683.135735	96.4979516	0	0	0	0	0	669.0279293	529.7873053
PWY-5845	160.9059382	358.1733547	169.8539456	324.1323595	0	0	0	0	0	60.50651862	2421.667131	2023.413162	2060.240147	4279.309659	5133.051283	5045.365345	0	0	0	1937.393359	1941.335062	1683.135735	96.4979516	0	0	0	0	0	171.69163	162.1370918
PWY-5850	160.9059382	358.1733547	169.8539456	324.1323595	0	0	0	0	0	60.50651862	2421.667131	2023.413162	2060.240147	4279.309659	5133.051283	5045.365345	0	0	0	1937.393359	1941.335062	1683.135735	96.4979516	0	0	0	0	0	171.69163	162.1370918
PWY-5855	2547.412823	1319.842959	1130.252414	1087.267769	6844.873642	5154.475844	6164.801229	5832.335372	6855.129634	3957.607689	3543.546662	2990.554234	2894.45411	4930.657954	5883.188529	5681.500919	3643.830114	4049.18253	4885.834495	9948.961261	10260.96547	8451.349867	8542.754245	7264.775957	6595.594693	3232.921029	3992.429301	2563.80708	1388.068241	1080.256039
PWY-5856	2547.412823	1319.842959	1130.252414	1087.267769	6844.873642	5154.475844	6164.801229	5832.335372	6855.129634	3957.607689	3543.546662	2990.554234	2894.45411	4930.657954	5883.188529	5681.500919	3643.830114	4049.18253	4885.834495	9948.961261	10260.96547	8451.349867	8542.754245	7264.775957	6595.594693	3232.921029	3992.429301	2563.80708	1388.068241	1080.256039
PWY-5857	2547.412823	1319.842959	1130.252414	1087.267769	6844.873642	5154.475844	6164.801229	5832.335372	6855.129634	3957.607689	3543.546662	2990.554234	2894.45411	4930.657954	5883.188529	5681.500919	3643.830114	4049.18253	4885.834495	9948.961261	10260.96547	8451.349867	8542.754245	7264.775957	6595.594693	3232.921029	3992.429301	2563.80708	1388.068241	1080.256039
PWY-5860	109.0579605	254.3491656	117.022931	231.3440105	0	0	0	0	0	40.54338477	2000.939228	1669.050876	1729.399831	4125.801681	4960.734441	4952.339859	0	0	0	1388.649132	1388.778752	1208.904506	64.60571507	0	0	0	0	0	118.0888811	112.1509745
PWY-5861	961.1179661	796.6622051	669.2783258	573.8016864	286.9453859	216.3855263	164.8993063	0	0	59.28288198	2202.439748	1830.820261	1878.866085	4181.175336	5019.257481	4999.707268	42.2060338	0	58.34823166	6594.982954	6893.099559	5596.530388	542.1735516	476.6507332	415.1727668	149.9949132	167.9790821	111.8770763	646.8323901	527.3866299
PWY-5862	109.0579605	254.3491656	117.022931	231.3440105	0	0	0	0	0	40.54338477	2000.939228	1669.050876	1729.399831	4125.801681	4960.734441	4952.339859	0	0	0	1388.649132	1388.778752	1208.904506	64.60571507	0	0	0	0	0	118.0888811	112.1509745
PWY-5863	676.1021834	584.881092	473.3863555	409.3905035	165.5616037	127.1266035	88.75663688	0	0	30.43928941	1770.287212	1466.819622	1519.943174	4098.957293	4982.376076	4973.295578	24.29462833	0	34.30822743	3532.844033	3651.552419	2924.658166	298.157521	264.6054376	225.4520712	78.24369755	87.28529469	58.40435579	462.5905658	388.8672988
PWY-5896	160.9059382	358.1733547	169.8539456	324.1323595	0	0	0	0	0	60.50651862	2421.667131	2023.413162	2060.240147	4279.309659	5133.051283	5045.365345	0	0	0	1937.393359	1941.335062	1683.135735	96.4979516	0	0	0	0	0	171.69163	162.1370918
PWY-5897	1179.015602	943.742526	796.7412645	690.6847537	376.6609517	284.5633252	216.1039127	0	0	77.63118724	2522.52821	2100.129074	2127.865519	4302.953517	5160.42052	5070.438248	56.04806003	0	77.65367166	7114.570236	7411.542853	6028.610392	701.0777171	616.4418933	536.0513356	194.1976801	217.7575719	145.0189824	779.5159119	636.1621946
PWY-5898	1179.015602	943.742526	796.7412645	690.6847537	376.6609517	284.5633252	216.1039127	0	0	77.63118724	2522.52821	2100.129074	2127.865519	4302.953517	5160.42052	5070.438248	56.04806003	0	77.65367166	7114.570236	7411.542853	6028.610392	701.0777171	616.4418933	536.0513356	194.1976801	217.7575719	145.0189824	779.5159119	636.1621946
PWY-5899	1179.015602	943.742526	796.7412645	690.6847537	376.6609517	284.5633252	216.1039127	0	0	77.63118724	2522.52821	2100.129074	2127.865519	4302.953517	5160.42052	5070.438248	56.04806003	0	77.65367166	7114.570236	7411.542853	6028.610392	701.0777171	616.4418933	536.0513356	194.1976801	217.7575719	145.0189824	779.5159119	636.1621946
PWY-5910	95.13248756	98.7356739	74.75010831	107.7063045	0	0	0	0	0	0	0	0	57.95217654	0	0	0	0	0	0	37.13573428	0	0	18.95246375	0	0	0	30.89351161	0	85.67421243	78.0813565
PWY-5913	2885.871767	1809.228351	1490.717414	1383.503127	6866.758507	5139.120742	6248.580186	6160.940329	7304.656595	4245.307559	4295.564604	3590.975612	3446.688416	5333.321413	6354.495745	6082.090119	3311.739993	3710.633145	4462.508588	9203.364649	9499.76593	7789.667956	7748.761174	6581.46985	5963.5264	2884.35131	3568.948426	2295.233571	1657.217173	1334.283089
PWY-5918	3042.94499	1746.192664	1622.774737	1502.517534	6840.318861	5121.859378	6268.713554	6276.431698	7380.770272	4233.099889	4251.422992	3571.289874	3385.860355	4626.427112	5496.399739	5283.39819	3399.048281	3784.512775	4542.728002	9109.366109	9445.582601	7767.37871	7758.870539	6580.04408	6015.374229	3014.0669	3730.67797	2398.654853	1774.49168	1375.235212
PWY-5920	1126.139261	652.5788822	404.2329252	436.2079107	316.2521881	160.0260142	233.1039275	388.6871366	376.7142574	237.370525	780.8499694	706.5717409	607.3133662	385.3181701	278.9595542	366.85993	877.5798535	888.4885474	1098.91454	415.3633943	725.5194252	201.9804943	1964.797022	1604.390625	1440.687276	674.5235312	656.4625755	461.4585526	569.6121514	687.7882601
PWY-5941	96.74050484	108.9736813	100.075714	11.85123723	9.891232728	0	0	0	0	0	77.19395895	42.26472051	58.88687019	31.80980749	60.54622475	61.63029997	32.87911367	42.20798702	40.89176394	3216.42802	3276.903842	3109.235579	822.3984528	733.569005	662.0612927	1665.759408	2019.574328	1266.767744	7.93866666	98.28285434
PWY-5971	0	0	0	0	481.7644357	0	0	0	0	0	0	0	0	0	0	0	0	0	0	0	0	0	0	0	0	0	0	0	0	0
PWY-5973	5239.681214	3019.838196	2814.639639	2749.205316	11343.92804	8423.032555	10452.74558	10623.85767	12487.45275	7244.69087	7502.613583	6357.363395	6113.026092	9608.3627	11446.86398	11019.37545	5369.730961	5911.805208	7143.546537	17873.30977	18571.46236	15265.68001	11391.72012	9674.698475	8789.012369	5605.424252	6953.644697	4467.820732	3055.915412	2469.306979
PWY-5989	3606.789547	1873.302341	1839.726781	1799.895739	12383.87738	9233.30657	11374.00791	11260.93793	13159.26644	7674.010967	7327.820846	6184.129497	5966.562851	9976.504628	11821.02983	11484.5591	6031.267835	6625.222815	7986.769953	19224.60541	19907.70688	16446.66688	12577.70914	10696.75207	9714.442835	5909.634949	7343.625604	4732.251345	2130.138911	1579.373801
PWY-6071	0	38.5739326	0	0	1053.817397	800.0718345	782.3365078	499.8637397	733.2961954	502.989847	0	97.91568835	0	0	21.52666408	0	0	113.5341899	0	0	0	0	0	0	0	247.1358952	299.2472394	209.0131807	0	0
PWY-6107	0	0	16.28456973	0	0	0	0	0	0	0	13.40844009	0	13.36663008	0	0	0	34.36034463	0	46.75572878	0	0	0	23.01347941	14.52941176	8.4	0	0	0	0	0
PWY-6121	3699.239001	2248.267196	1965.20234	1871.909339	7915.558641	5929.574337	7200.155847	7057.20676	8282.314126	4771.55614	4673.461825	3977.976621	3762.750846	5149.356478	6120.743561	5847.513445	3736.237118	4171.568976	4994.351626	10324.82688	10575.6731	8678.090034	8774.402564	7415.212223	6756.392777	3356.642371	4125.83473	2672.73748	2129.218791	1681.430007
PWY-6122	3624.574565	2217.11317	1941.6692	1843.580713	7248.382738	5429.670629	6589.658749	6449.262652	7561.989344	4357.56374	4282.39187	3660.219048	3455.332075	4650.245233	5530.534515	5270.032908	3379.587741	3778.958989	4522.733619	9511.860641	9730.73101	8001.772327	7967.25489	6729.549104	6121.241808	3143.59509	3862.284636	2503.885544	2106.922836	1668.781817
PWY-6123	3174.44947	1917.225142	1700.642384	1623.316308	6444.243574	4823.818921	5885.540356	5871.343639	6904.712081	3966.135482	4233.496717	3591.669207	3424.532042	4968.069947	5913.764718	5676.251505	3275.262229	3652.29589	4383.248041	9208.598279	9487.090187	7812.166551	7505.563801	6368.797036	5791.409137	2899	3581.87	2303.5	1848.07082	1457.857799
PWY-6125	3545.552259	2170.60592	1903.888056	1822.612643	7016.872298	5250.640827	6395.778529	6371.675918	7499.353624	4314.699014	4541.566541	3829.628017	3655.108447	5066.232005	6019.235043	5785.388038	3610.585352	4009.3518	4812.870708	9934.869501	10233.71059	8390.454072	8081.040071	6853.425224	6248.499061	3140.781266	3875.189949	2494.20426	2071.596416	1620.22784
PWY-6126	3812.982863	2308.072428	2040.219182	1950.384761	7903.75828	5915.123767	7216.56576	7226.930134	8492.4811	4883.362293	4953.836215	4199.555103	4000.445886	5638.946067	6702.362866	6453.364977	3974.656317	4407.195108	5293.325981	12006.90651	12374.43571	10157.63959	9059.713975	7679.915951	7022.645319	3537.308122	4365.477101	2808.28322	2225.067043	1752.996696
PWY-6147	3463.624127	2152.093709	1837.452358	1753.704189	8494.014057	6405.802381	7681.868954	7286.606524	8547.977254	4905.372362	4836.419671	4038.66719	3890.455927	5398.038362	6394.336196	6166.576204	4453.740764	4928.363331	5913.195575	12396.063	12841.8881	10594.57942	10018.34756	8498.979467	7779.944682	3905.726875	4837.730849	3123.369977	1961.282434	1541.461621
PWY-6151	1864.614819	886.6988599	884.8285398	843.4900957	2338.981839	1800.718409	2244.722294	2800.355675	3228.051794	1925.07006	2826.670651	2354.432424	2254.449456	4213.551178	5065.647525	4898.580301	1284.480591	1405.39194	1752.56756	9069.3016	9397.470036	7738.138827	4433.739881	3704.379428	3562.764047	2360.809489	2919.42315	1785.787582	1091.616103	787.518101
PWY-6163	3357.293393	2034.087533	1809.05329	1703.529593	7592.917972	5689.829961	6867.997962	6568.084645	7720.731924	4457.775769	4422.50367	3721.26349	3560.01269	4714.782529	5582.645372	5345.95151	3968.760332	4393.152669	5279.924393	9336.487273	9587.102001	7857.868691	8732.628003	7420.632102	6745.624906	3476.733185	4316.548393	2799.449729	1963.411232	1516.230655
PWY-6174	0	9.711181328	0	0	0	0	0	0	0	0	0	0	0	0	0	0	0	0	0	0	0	0	0	0	0	0	0	0	0	0
PWY-6182	207.3734879	147.4152124	87.28796194	86.58547627	1065.937067	787.4772857	799.3105094	563.8890789	772.0675577	548.1652224	615.9423618	450.205636	466.826391	131.8581242	138.6305528	161.8635832	1179.961331	1167.629094	1628.207372	15.3977302	14.48224282	12.45134803	503.0976236	551.0990522	325.6493035	245.15808	279.9251749	189.1784039	100.3650936	127.1252256
PWY-6185	146.2579485	73.75683429	41.65395171	55.24622796	1222.064304	895.328237	903.0265289	663.0773184	887.2360188	618.0884488	638.6814076	466.0061086	482.9845951	154.5561594	169.1960843	180.4801725	1411.441224	1443.82571	1938.855693	0	0	0	478.099072	557.7331204	303.6543954	263.6674034	312.5807465	208.9684866	48.41891755	81.66169417
PWY-621	699.8925565	392.2110587	289.4860263	338.1164442	6335.254933	4761.640932	5733.775875	5182.773029	6053.754116	3536.769886	2795.042587	2270.585692	2286.380377	4424.441035	5255.879184	5148.589068	2724.666688	3025.999061	3686.310316	6138.933948	6321.439528	5254.797197	7338.570167	6200.42053	5658.500112	3075.528915	3824.79959	2460.561596	364.3114728	308.7057369
PWY-6210	237.0921897	153.865757	117.515426	128.6412926	0	0	0	0	0	0	66.16869569	79.70958586	77.0813421	0	0	0	0	0	0	13.82955882	55.54860233	45.798331	0	0	0	0	0	0	170.274318	105.845652
PWY-6263	811.2926882	518.232227	477.7620293	486.2873254	0	0	0	0	0	0	256.4432019	285.4848912	271.7139727	44.8206814	39.73189337	0	0	0	0	0	0	0	0	0	0	0	0	0	474.8007572	363.3999457
PWY-6269	1626.84971	762.2479196	676.2675574	677.1576513	6336.852582	4753.469023	5789.737848	5590.310604	6584.085725	3759.250988	2279.304985	1832.389754	1744.766144	877.4325456	925.1570485	742.59939	3074.764332	3449.975799	4100.568971	8567.432515	8961.686866	7396.731305	4948.307353	4342.66119	3603.834544	2599.213372	3298.711712	2144.87548	854.4214197	687.0035186
PWY-6277	3624.574565	2217.11317	1941.6692	1843.580713	7248.382738	5429.670629	6589.658749	6449.262652	7561.989344	4357.56374	4282.39187	3660.219048	3455.332075	4650.245233	5530.534515	5270.032908	3379.587741	3778.958989	4522.733619	9511.860641	9730.73101	8001.772327	7967.25489	6729.549104	6121.241808	3143.59509	3862.284636	2503.885544	2106.922836	1668.781817
PWY-6282	3538.006107	1861.415193	1830.729466	1802.235725	12284.38993	9160.214388	11293.43746	11151.29187	13008.38883	7584.127484	7265.081044	6164.927202	5909.77022	9669.753375	11446.88629	11098.73238	6023.788616	6631.37623	7987.960301	18952.08257	19595.92868	16249.9745	12739.67418	10835.65411	9870.06166	6166.676523	7664.188263	4931.421301	2100.143248	1565.875708
PWY-6317	1344.117931	956.6915626	832.7636208	747.3487065	2038.105053	1321.781695	2109.365423	2738.17571	3389.10068	1900.377659	3264.188327	2725.068657	2748.65032	5094.205706	6035.633293	5998.465927	85.06745258	82.76747812	83.55323034	8241.660658	8800.980308	6994.213855	516.0652172	413.5123271	366.2210333	124.3991371	132.8440475	84.57911175	785.1191983	657.5839647
PWY-6338	128.741493	112.6653331	0	0	338.3520356	217.7772825	254.063434	189.1300446	233.4876452	186.0480633	83.43727716	0	43.03840553	0	0	0	64.52115362	56.58378545	48.20722579	9.824184078	12.64987309	13.53764235	42.77069324	0	19.69017316	0	0	0	0	123.8555459
PWY-6339	575.4395324	340.1258384	0	0	1076.904114	801.4888822	778.8995094	486.4774278	702.7483119	514.6316759	0	0	0	0	0	0	385.5750403	317.2813857	417.9154896	0	0	0	0	0	0	0	0	0	0	254.6242974
PWY-6353	2485.408684	1450.275617	1195.581477	1223.039639	2681.835345	1801.014439	2776.890317	3553.240943	4211.069153	2383.308308	3901.894349	3314.998772	3272.929913	6381.522338	7693.23031	7465.131747	717.420109	589.6236557	928.9623799	14275.30013	14929.90432	12141.30001	5955.906886	4967.009261	4701.371195	3439.613195	4240.11249	2725.049025	1400.235869	1106.691751
PWY-6383	432.1486954	406.3818316	245.4662944	267.947989	100.3571639	78.55248162	49.22709295	0	0	0	86.13126124	41.49372825	85.62124004	17.83553221	0	0	0	0	0	0	0	0	0	0	0	0	0	0	246.3365519	199.2109354
PWY-6385	3035.627603	1857.476171	1629.120038	1505.467527	6432.768384	4815.775099	5875.199918	5862.128045	6894.882825	3961.534654	4062.155663	3412.873761	3263.386509	4574.811867	5433.799856	5241.86886	3259.655451	3610.514979	4341.228229	9106.879199	9410.765725	7748.218048	7463.30074	6327.925191	5777.767077	2876.772264	3560.745477	2289.148514	1727.218415	1349.218453
PWY-6386	3009.080092	1841.055112	1605.521379	1480.437821	6443.484016	4822.104773	5883.090005	5868.833049	6902.956007	3968.900567	4056.91574	3404.350474	3261.292862	4573.032887	5432.13401	5243.341006	3261.617785	3610.108582	4337.724187	9097.576504	9400.169221	7743.952969	6684.301211	5711.153995	5087.531766	2842.817679	3525.710352	2277.857385	1697.739291	1328.4122
PWY-6387	3072.279494	1871.788301	1635.527488	1513.304251	6444.460785	4823.066153	5882.595799	5875.326993	6907.551356	3967.886332	4100.851795	3468.473567	3307.211675	4577.637087	5428.409018	5247.286427	3280.937069	3626.235127	4361.187124	9203.566844	9464.452878	7791.969652	7447.804368	6304.535762	5792.158372	2903.940354	3586.084991	2308.060898	1751.401494	1376.222046
PWY-6396	141.9902393	103.0707509	86.96616506	72.80824579	67.96845051	0	0	0	0	0	197.4890671	93.72056595	186.5323251	70.95630523	39.49410845	65.93516672	204.6080936	136.4701964	280.729066	0	0	0	35.60332476	25.73915439	20.36134886	0	0	0	47.71929825	109.4145719
PWY-6397	0	0	12.45294964	0	53.10206285	41.86869164	25.53081324	0	0	0	0	0	0	0	0	0	0	0	0	0	0	0	0	0	0	0	0	0	0	0
PWY-6404	0	0	45.98919674	0	0	0	0	0	0	0	0	0	0	0	0	0	0	0	0	0	0	0	0	0	0	0	0	0	0	0
PWY-6467	2865.17	1584.41	1479.58	1483.75	6330.42	4749.83	5815.08	5810.92	6842.67	3914.83	3948.11	3376.7	3185	4519.35	5383.28	5200.31	3240.72	3552.45	4300.12	9020.12	9337.43	7637.68	7380.33	6269.88	5774.41	2890	3586.87	2290.5	1723.25	1276.75
PWY-6471	24.79627651	0	0	0	0	0	0	0	0	0	0	0	0	0	0	0	0	0	0	0	0	0	0	0	0	0	0	0	0	0
PWY-6478	476.1685981	262.0150544	253.9039366	235.362613	0	0	0	0	0	0	103.7007106	148.2638816	89.96009068	15.96878385	33.88308692	7.993391005	0	0	0	95.41210235	113.1938607	81.49434111	0	0	0	0	0	0	333.5708627	252.0148168
PWY-6505	396.2652499	247.0827095	195.5598842	198.2940513	0	0	0	0	0	0	158.3713382	171.4199191	169.8391364	0	0	0	0	0	0	25.54784786	93.76221706	60.415276	0	0	0	0	0	0	263.4329994	186.2493936
PWY-6507	813.4715938	469.8863939	518.5672899	465.3922166	1355.829166	819.9899519	1444.221667	2028.096384	2491.845033	1418.869173	1301.776298	1145.000159	1011.321936	491.2895877	502.6080769	420.328367	143.9308763	158.6534563	163.9563659	303.7065796	253.8964117	258.6809441	234.1281849	184.4736091	186.1726126	38.05898286	8.980299066	23.78481475	515.5106915	358.5931046
PWY-6519	2637.807922	1409.339654	1267.560455	1240.613673	9792.355241	7386.4942	8863.831994	8394.351363	9803.965103	5685.140294	5073.634265	4234.512263	4117.801898	7234.787545	8605.224214	8387.718602	5062.862346	5605.000782	6718.146402	14403.83061	14982.89871	12425.75526	11203.18643	9533.474495	8711.865634	4791.70597	5956.006476	3833.225891	1476.966179	1061.857208
PWY-6545	1562.450119	969.797808	791.7561001	713.0330089	228.3137902	179.8021464	111.0345726	0	0	0	632.7901366	725.1534608	537.486592	143.3024533	66.96574156	97.81651533	165.2493647	110.2283649	153.8028628	2053.179977	1569.89366	1307.067947	13.48374922	0	71.40782845	184.3207159	148.2709992	95.92830703	899.5168529	755.6503024
PWY-6562	133.5726196	114.5507336	26.25738215	7.080640313	0	0	0	0	0	0	405.5050793	349.4541068	309.9521829	152.3328541	105.418089	157.1611541	780.088184	887.9044935	1035.092105	5813.920599	6127.373469	4877.771667	146.1638108	207.5001811	89.80178908	80.85399795	83.76665502	55.80548066	90.49422291	72.87359176
PWY-6565	0	0	0	0	0	0	0	0	0	0	0	0	0	0	0	0	0	0	0	6859.403311	7200.526207	5737.037927	52.66234845	64.33356941	40.72368103	81.55182894	84.37280758	56.17212412	0	0
PWY-6581	226	175.1388102	113	174	0	0	0	0	0	0	194.1074169	125.6111111	127.6420233	0	0	0	0	0	0	12	38	0	0	0	21.33333333	43	34	22	126	99.05940594
PWY-6588	133.1286741	112.8506452	133.361435	30.84708745	0	0	0	0	0	0	0	0	11.97746797	0	0	0	0	0	0	0	0	0	32.84872424	0	8.888079233	0	0	0	26.98296438	93.37391759
PWY-6590	196.6955818	154.0885452	165.1357145	148.167871	0	0	0	0	0	0	0	0	13.30258021	0	0	0	0	0	0	0	0	0	0	0	0	0	0	0	61.50309847	83.67593968
PWY-6608	2435.501354	1450.175999	1235.566962	1232.478949	8301.64314	6386.305447	7420.037916	6572.691615	7693.572087	4480.926496	3553.998161	3049.843919	3003.259254	6088.82027	7317.51973	7089.707249	4169.129575	4791.301065	5715.126195	14747.39823	15481.76494	12536.10496	6832.722524	6024.725227	4790.360417	3364.64667	4141.302941	2661.565819	1403.285579	1110.375395
PWY-6609	1803.474028	1212.595134	1022.96421	996.2608912	1586.046041	1053.84581	1665.539424	2221.036009	2639.023316	1486.13399	3025.136137	2607.567912	2556.587015	4796.854004	5791.375799	5662.591099	409.6068485	332.0508499	528.4323624	13394.75646	14075.1824	11438.93695	3933.227787	3250.527103	3206.314241	2738.134045	3361.006233	2122.169875	1092.620899	873.6590557
PWY-6612	2939.921445	1792.540776	1589.82872	1507.704857	7421.440682	5590.010258	6715.338421	6464.969518	7580.264407	4349.270556	4286.776571	3614.910645	3475.837833	5392.869356	6416.444297	6221.737508	3843.061094	4248.021374	5102.279915	10963.89144	11342.60946	9364.211921	9013.994054	7632.414321	7033.70781	3517.736961	4353.728015	2799.560169	1691.667413	1338.65994
PWY-6628	2929.56989	1686.494073	1427.804031	1430.932928	7929.225105	5965.146315	7145.634608	6854.190588	8060.907919	4634.152146	4428.643396	3704.405444	3583.337408	5265.777104	6248.271918	6004.614666	4074.178192	4528.798339	5440.894471	9794.996829	10145.74177	8228.868534	9130.018691	7769.40511	7021.467377	3418.842859	4246.122695	2775.53712	1663.209153	1305.934574
PWY-6629	0	23.75251596	0	0	0	0	0	0	0	0	0	0	0	0	0	0	0	0	0	0	0	0	0	0	0	0	0	0	15.84596943	0
PWY-6630	2881.648407	1662.043079	1403.016317	1408.22947	6185.510108	4542.398404	5738.150452	6064.769583	7156.757626	4105.958768	4279.142156	3587.114976	3474.774961	5202.223461	6181.494525	5956.071783	2314.61324	2196.724145	2839.787805	9205.779373	9546.64806	7747.33396	7720.365374	6460.936477	6094.571308	3083.665801	3797.114811	2459.469615	1638.911475	1293.093062
PWY-6641	11.84513289	0	0	0	0	0	0	0	0	0	0	0	0	0	0	0	9.630517293	0	10.86865356	22.46131855	0	0	15.74822991	21.65063283	55.43753583	179.6017314	174.6574545	111.271709	0	0
PWY-6690	0	2.994863014	20.96580725	0	0	0	0	0	0	0	0	0	0	0	0	0	15.20596493	15.33859511	17.39060851	0	0	0	0	0	0	0	0	0	3.187907308	0
PWY-6700	3035.867516	1759.810761	1632.388474	1551.748686	6419.156561	4808.132514	5884.435256	5908.769136	6942.04077	3974.74281	4069.62973	3435.08877	3269.464491	4562.544786	5446.152418	5230.305415	3266.214268	3620.498317	4345.343714	8891.845511	9316.246808	7658.967655	7460.050964	6320.864158	5789.659903	2899	3581.87	2303.5	1786.926138	1406.022849
PWY-6703	2204.447409	1269.189496	1121.921814	1085.626405	7088.919605	5366.91326	6375.811974	5967.117915	6990.98029	4024.613588	3317.972425	2760.850758	2660.248491	4422.209175	5241.988194	5148.056603	3611.413774	4055.157266	4856.99066	8678.330578	9178.839358	7598.446578	8480.084366	7230.043205	6627.81019	3428.439823	4228.442433	2761.206343	1236.028032	994.1421294
PWY-6708	2547.412823	1319.842959	1130.252414	1087.267769	6844.873642	5154.475844	6164.801229	5832.335372	6855.129634	3957.607689	3543.546662	2990.554234	2894.45411	4930.657954	5883.188529	5681.500919	3643.830114	4049.18253	4885.834495	9948.961261	10260.96547	8451.349867	8542.754245	7264.775957	6595.594693	3232.921029	3992.429301	2563.80708	1388.068241	1080.256039
PWY-6731	0	0	26.3138215	0	0	0	0	0	0	0	0	0	0	0	0	0	0	0	0	0	0	0	0	0	0	0	0	0	0	0
PWY-6737	1078.053015	702.0510358	733.8347427	805.2674241	1490.023867	1173.097892	1137.921978	815.1950078	1045.117681	661.0425699	2525.169223	2193.2571	2114.808331	4251.553364	5057.281896	4951.153931	1412.239559	1518.642106	2115.077811	8280.530358	8719.727983	7109.26813	5908.875267	4963.982045	4543.336248	2449.946726	2996.678536	1904.550161	846.9921888	617.0027461
PWY-6749	69.03639551	31.65178391	19.83572105	13.92076814	0	0	0	0	0	0	0	0	5.993220429	0	0	0	0	0	0	36.58943124	37.92680086	15.98422369	5.997585935	0	15.9779986	0	0	0	21.83219399	11.93748686
PWY-6876	133.1286741	90.17593051	86.92001629	30.84708745	0	0	0	0	0	0	0	0	11.97746797	0	0	0	0	0	0	0	0	0	32.84872424	0	8.888079233	0	0	0	26.98296438	66.93909925
PWY-6891	6.590325367	4.790896311	0	0	0	0	0	0	0	19.14818434	1832.876375	1540.982394	1624.801268	4311.778576	5184.92613	5107.771377	0	0	0	7561.926031	7941.215491	6423.39547	587.4539085	522.5592983	459.252125	165.6164894	176.341937	111.4436436	5.580038125	0
PWY-6892	1242.012098	794.0359504	814.0116429	719.4807032	2087.578483	1303.625744	2214.080379	2947.251416	3574.797355	2008.363698	3177.772946	2701.997767	2662.969589	4745.232158	5666.669251	5528.968957	172.3854988	223.2651856	224.6908484	8052.892485	8436.725887	6848.030818	1028.30985	911.3457404	818.1820791	217.5787987	218.2090288	171.00123	801.8362661	573.3641209
PWY-6895	32.67731254	23.70378186	0	0	0	0	0	0	0	94.09067926	3351.150979	2823.237299	2807.353556	4638.228019	5521.487092	5313.771602	0	0	0	9832.33039	10213.86202	8315.141686	2097.922801	1851.585684	1608.086843	668.3190846	731.8106013	464.9887745	27.5545374	0
PWY-6897	3285.547597	1878.720873	1726.510964	1609.260192	6896.02217	5127.754634	6357.155278	6529.028497	7698.512744	4404.314253	4237.370392	3556.508364	3428.457355	4678.783342	5563.12017	5337.993303	3276.814861	3662.387291	4359.50555	10301.26778	10635.55314	8696.687131	5637.382481	4889.377022	4135.0566	2749.645612	3421.111217	2236.273372	1858.981656	1403.51178
PWY-6901	1762.371512	936.4686394	933.6204208	913.5565135	251.5092896	227.5755833	244.0256369	2027.399453	2351.013961	997.9663793	1013.456476	1060.237441	753.1744752	153.5537708	461.818694	89.66855601	592.459117	593.475445	788.7483477	435.2942487	479.9649342	190.0263652	194.6517294	135.824725	58.97303807	0	0	0	1018.085756	807.6614021
PWY-6906	0	0	0	0	0	0	0	0	0	0	0	0	0	0	0	0	0	0	0	5446.045247	5727.804207	4606.98957	39.31904624	45.099667	29.19175807	57.52464863	59.27990424	39.47697621	0	0
PWY-6944	17.72583375	66.02088602	37.68591631	24.45956639	0	0	0	0	0	0	0	0	8.415584416	0	0	0	23.89916216	18.62254441	26.33079159	0	0	0	0	0	0	0	0	0	16.25849591	77.13023849
PWY-6948	0	0	22.80894147	0	0	0	0	0	0	0	0	0	0	0	0	0	0	0	0	0	0	0	0	0	0	0	0	0	0	0
PWY-6969	3880.33683	2327.982098	2029.081508	1904.625198	5180.845681	3735.647477	4988.31388	6015.507929	7137.85653	4099.764493	5025.462245	4251.073015	4048.386227	5817.786837	6940.304285	6656.692254	2501.152481	2605.596745	3219.538781	11559.65148	11998.15987	9851.695464	7272.068783	6012.03474	5842.266947	3151.734161	3824.674913	2428.326684	2267.529358	1759.969389
PWY-6992	0	6.882244756	0	0	0	0	0	0	0	0	0	0	0	0	0	0	0	0	0	0	0	0	0	0	0	0	0	0	0	0
PWY-7003	15.81573766	0	0	0	0	0	0	0	0	0	0	0	0	0	0	0	0	0	0	0	0	0	0	0	0	0	0	0	14.30085954	32.1179008
PWY-7007	226.6470938	184.2743645	246.0944067	86.20017568	165.1225207	123.3517796	163.0329425	310.1736459	396.6484528	267.8013224	640.9539951	534.078781	458.1372801	79.64752859	0	0	0	0	0	0	0	3.999482634	4.999332674	7.997991677	2.999691917	0	0	0	218.9279315	199.76697
PWY-7024	0	0	0	0	0	0	0	0	0	0	0	0	0	0	0	0	0	0	0	0	0	0	22.43487396	0	19.77770464	0	0	0	0	0
PWY-7084	0	0	0	5.94809203	0	0	0	0	0	0	0	0	0	0	0	0	0	0	0	0	0	0	0	0	0	0	0	0	0	0
PWY-7090	11.86616258	70.16896406	20.95668387	17.32571668	0	0	0	0	0	0	124.9482365	106.3549957	116.1886111	21.19071429	16.68905306	6.621927555	0	0	0	51.0493734	39.02367116	29.73186597	0	0	0	0	0	0	15.58816938	3.586335931
PWY-7094	4308.956518	2314.200233	1990.995774	1843.472155	15540.46135	11769.53202	13824.15018	12653.38767	14816.66269	8620.912796	6768.457708	5483.58857	5430.127091	6682.309986	7990.765725	7840.048288	8205.314933	8953.522356	10825.40954	8638.657385	8995.648624	7386.705349	18001.96898	15354.19655	13912.00121	6314.888371	7831.058732	5122.49608	2393.282536	1884.75324
PWY-7097	128.741493	112.6653331	0	0	338.3520356	217.7772825	254.063434	189.1300446	233.4876452	186.0480633	83.43727716	0	43.03840553	0	0	0	64.52115362	56.58378545	48.20722579	9.824184078	12.64987309	13.53764235	42.77069324	0	19.69017316	0	0	0	0	123.8555459
PWY-7098	143.4662299	124.4675661	0	0	371.8525629	239.8262351	280.1667613	210.3373118	259.4267664	205.9569459	93.34028955	0	48.21858608	0	0	0	72.26522565	63.38418551	54.09326231	10.24085212	12.98657312	14.01373877	47.74071706	0	22.03088009	0	0	0	0	136.3371146
PWY-7111	5206.518442	2959.143527	2585.754564	2395.775384	12649.29879	9471.385844	11193.07438	10851.15271	12867.98216	7486.319747	6701.365106	5499.677951	5358.785048	7403.129394	8782.897044	8547.585596	6151.100307	6698.060322	8076.417803	14333.05507	14675.76285	11913.51656	12452.0164	10550.31629	9583.538458	4819.104937	5950.196214	3871.750671	2957.65033	2403.359132
PWY-7159	231.2177661	191.5673426	174.6732564	179.8081423	91.35976113	49.40042158	62.70309091	106.2290783	102.2131998	64.62372236	146.251816	155.642502	166.9871769	0	11.45365389	10.34953843	91.20083336	45.54996329	97.66897291	69.05869546	109.6684423	23.71914412	46.21300832	27.2387313	52.54248422	88.58205518	70.51446113	45.64920115	166.5547232	182.2917267
PWY-7184	3105.705067	1867.002285	1580.02277	1560.436953	6955.348597	5238.042123	6287.460243	6083.219316	7139.227246	4112.19953	4120.284938	3455.435201	3341.771787	5238.655878	6242.397741	6020.566157	3674.102021	4095.202892	4912.752465	5450.827241	5291.461331	4188.794696	8402.904379	7123.570893	6506.382435	2761.8081	3410.797965	2200.476647	1783.900232	1411.589495
PWY-7187	1890.204983	1080.244521	902.1509355	910.3075885	2363.471745	1878.112728	2273.91227	2177.159873	2371.952636	1546.875913	2953.415429	2475.11189	2453.704104	4375.668817	5226.826645	5063.732339	1742.924918	1842.440162	2515.027702	6426.220944	6655.465939	5479.58697	6665.442017	5613.237826	5244.856592	1603.610504	1829.499698	1107.706708	1078.224828	809.6816506
PWY-7196	2030.45741	1358.22269	1246.914639	1082.082142	3739.771764	2672.953315	3756.617988	4506.485347	5330.665211	3069.965613	3764.261993	3213.658813	3072.441286	4795.811625	5728.269359	5535.429945	561.8983906	495.5433271	777.4975751	9256.879655	9614.63616	7934.569775	5624.332497	4657.520184	4596.029321	2484.432852	3030.068606	1917.833874	1190.739904	890.5700477
PWY-7197	2717.635379	1702.134294	1530.591682	1402.295536	6350.731652	4763.111327	5814.432422	5833.280759	6851.942298	3915.970927	3906.333313	3347.650078	3168.457539	4552.825784	5410.774409	5234.306943	3244.102792	3610.065861	4328.838522	9215.019617	9488.898451	7810.417319	7460.808127	6322.167129	5789.659903	2899	3581.87	2303.5	1625.153695	1283.362657
PWY-7199	1865.537555	1257.268555	1073.686232	968.7442271	1885.208111	1308.554712	1969.446563	2687.6323	3186.363796	1847.388483	2958.124731	2523.46973	2455.118962	4204.367455	5075.512349	4938.353808	387.5736514	327.2308246	460.0725459	7426.584142	7835.124873	6444.509514	3341.318808	2679.325574	2803.627523	1707.846855	2042.39157	1285.475903	1084.582639	902.5225504
PWY-7200	2205.386876	1422.546406	1215.862356	1127.320706	3108.455511	2206.818379	3115.298489	3765.599471	4444.285136	2566.356457	3275.847913	2781.898689	2688.465136	4355.647866	5217.484763	5058.953268	742.3630317	655.1299022	895.2819848	8313.930639	8683.409431	7131.745838	4878.300274	3992.555151	3973.553019	2231.869626	2707.300577	1719.47538	1292.230558	1047.747905
PWY-7208	4088.425509	2498.136358	2227.509978	2083.418674	8623.753216	6453.116845	7903.428512	7943.152612	9343.91311	5355.540536	5299.806916	4480.807678	4244.315279	5627.760889	6674.135309	6238.491577	4254.001957	4868.956731	5826.838148	10867.93832	11226.19746	9212.827442	9781.150319	8347.439786	7363.037939	3339.309672	4149.924122	2677.767176	2409.22157	1862.962356
PWY-7211	3356.036662	2014.970412	1748.386955	1690.833863	7376.2964	5540.656356	6699.88904	6569.271086	7714.866048	4437.231667	4474.831333	3765.629739	3611.868232	5374.59325	6393.050598	6156.204889	3819.786955	4257.415249	5104.744578	7396.229308	7315.718579	5858.747953	8702.837451	7382.625261	6730.53381	3089.602403	3817.174372	2460.935069	1943.182406	1532.501278
PWY-7219	3767.407558	2282.260184	2014.077992	1932.852793	8071.821002	6034.792922	7356.419153	7348.23789	8629.985686	4975.301933	4885.489975	4138.417308	3940.3507	5509.385796	6555.886089	6284.670963	3996.407485	4448.89274	5337.495261	12880.27613	13302.2158	10887.13293	9147.995036	7756.134177	7083.68667	3594.597955	4428.996655	2850.215872	2191.960219	1737.920822
PWY-722	0	0	0	0	0	0	0	0	0	0	0	0	0	0	0	0	9.118159961	0	8.060024805	0	0	0	0	0	0	0	0	0	0	0
PWY-7220	3875.493325	2345.121226	2077.63543	1974.261517	7750.232792	5800.173986	7082.776893	7098.771182	8353.896358	4801.851682	5051.007438	4286.871449	4083.651551	5824.731162	6920.061355	6692.900674	3946.020414	4364.948935	5249.686172	11057.10101	11374.05585	9348.572839	8944.622703	7580.591685	6950.529607	3480.23762	4299.682073	2764.679667	2270.797118	1774.253178
PWY-7221	3397.02928	2112.560198	1823.588831	1725.062502	6551.895794	4902.292772	5962.058352	5917.127326	6965.00191	4009.614458	4231.42699	3555.93529	3398.52387	4615.461385	5483.836844	5251.351856	3394.19065	3778.48672	4530.16171	9275.769015	9539.840911	7819.247756	7536.169053	6393.457083	5808.489057	2926.683532	3608.033813	2323.704005	1977.363768	1547.871525
PWY-7222	3875.493325	2345.121226	2077.63543	1974.261517	7750.232792	5800.173986	7082.776893	7098.771182	8353.896358	4801.851682	5051.007438	4286.871449	4083.651551	5824.731162	6920.061355	6692.900674	3946.020414	4364.948935	5249.686172	11057.10101	11374.05585	9348.572839	8944.622703	7580.591685	6950.529607	3480.23762	4299.682073	2764.679667	2270.797118	1774.253178
PWY-7228	3670.106428	2259.261352	1967.38275	1865.707765	7126.608814	5331.881809	6492.687956	6465.381463	7611.208632	4381.347151	4625.721752	3903.761651	3729.979556	5161.022951	6133.025902	5887.87423	3675.693611	4087.350901	4905.706277	10101.95823	10388.61703	8518.679611	8202.362686	6958.540846	6331.988097	3185.054376	3928.811795	2529.101183	2140.366991	1673.958115
PWY-7229	3949.788656	2384.851159	2110.213032	2022.475728	8219.467362	6150.421779	7503.423075	7518.732893	8834.496914	5082.509128	5133.370046	4350.564408	4147.155901	5869.523623	6978.535661	6712.879914	4124.392424	4578.974287	5499.279428	12647.76556	13038.22836	10695.03028	9405.527672	7975.213461	7280.881474	3672.061883	4530.673296	2914.737949	2303.074771	1816.841139
PWY-7234	3130.049427	1890.821379	1659.272605	1577.530968	6444.243574	4823.818921	5885.540356	5871.343639	6904.712081	3966.135482	4206.055301	3552.708228	3398.264407	4954.678857	5895.272598	5674.293316	3273.58204	3636.626593	4366.720575	9125.892907	9437.790293	7739.234493	7478.50103	6339.387669	5789.740935	2899	3581.87	2303.5	1814.661531	1431.462455
PWY-7237	399.67	199	184.33	41	431	308	398.5	496.25	606	296	195	127	146	15.2	6.5	0	196.5	121	169.5	100	62	15	35	13	22	0	0	0	251	302
PWY-7242	1740.284507	1036.396368	1023.24848	853.7234762	1601.837567	1007.465494	1682.625012	2404.325766	2915.566083	1654.699744	2021.77349	1671.040744	1531.401075	565.4656318	543.8756321	453.9324955	93.88363813	109.6815378	111.5923384	292.1798079	250.0216874	245.2250263	235.7401736	175.6131662	178.3081052	38.05898286	23.86041373	23.78481475	1103.076654	797.538369
PWY-7254	1307.424353	690.2481564	821.7459924	668.9764933	9917.358775	7465.618994	8959.591703	8609.974268	10161.22865	5885.578849	3844.724609	3094.649281	3000.398836	2421.177507	2551.758955	2129.757357	4796.90759	5371.099618	6467.743982	5375.903606	5442.503878	4516.287903	10362.82444	8866.662588	7851.12684	3486.675933	4391.675185	2911.655615	736.6764678	559.2111058
PWY-7255	7.975253098	0	23.39458601	0	103.1355452	81.29669872	49.77489657	0	0	0	11.97118414	0	0	0	0	0	0	0	0	0	0	0	0	0	0	0	0	0	9.928128283	13.78350903
PWY-7295	276.6158014	115.3497995	0	0	328.9695751	254.6358595	307.8801085	472.1219589	517.712755	243.682902	0	0	0	0	0	0	0	0	0	0	0	0	0	0	0	0	0	0	137.5699328	0
PWY-7315	465.6494666	311.5727377	265.7475801	229.7061667	249.0202706	171.8705685	231.6848836	227.7666695	228.3075742	146.4683838	440.942177	224.2605119	221.0190806	136.0910727	211.1152083	0	80.9998141	280.885382	263.9683937	33.93406905	61.7886655	0	380.1932075	374.7365709	61.67186486	78.24436504	66.95220962	72.09126331	272.0128824	199.4358037
PWY-7323	2974.18273	1802.011963	1686.524467	1552.478524	4100.272728	2844.392864	3808.185156	4555.71817	5484.593841	3113.749864	2576.61059	2240.580664	2053.196399	826.343448	852.5112304	715.0818555	1172.651733	1113.867731	1415.444752	9979.465319	10264.89396	8033.020396	421.6147956	327.2182615	304.3203785	755.8240946	821.0223243	548.3513905	1747.695339	1398.664138
PWY-7328	1012.336524	573.0964119	455.1071368	523.8925851	808.1551575	562.3878664	657.4948496	1037.80608	1135.788929	606.1021366	2442.127119	2089.527661	2041.283199	4457.059049	5341.94789	5201.601967	718.875828	1048.929295	942.991327	8622.003919	8884.659048	7328.067649	1726.745046	1480.319689	934.4505943	1428.759834	1726.065804	1013.738655	549.305108	473.0299508
PWY-7332	508.4320215	302.3320026	270.6272693	135.6645809	0	0	0	0	0	0	298.8759683	256.7754379	250.1103394	0	24.40128311	34.79304756	0	0	0	585.774844	262.9489815	259.3456106	0	0	0	0	0	0	295.3616914	170.345571
PWY-7347	104.0335151	19.77153195	29.34337682	50.2981667	121.7232481	89.93634651	119.6455877	81.55656734	86.07856586	31.89410483	103.7173187	107.1046974	53.58545312	15.73113342	10.49296526	14.98511492	61.13101355	77.47278998	55.27792749	5875.051748	6141.465666	4932.940633	71.79250617	65.7954667	22.4735632	156.8159448	161.6397855	125.7515629	28.26462368	16.79048573
PWY-7371	451.1655572	247.1490251	282.3228909	274.33	0	0	0	0	0	0	105.5	145.5	116	18.5	19	10	5	0	0	22.83	17.5	0	0	0	0	0	0	0	301	225.17
PWY-7373	0	0	18.99099595	0	0	0	0	0	0	0	0	0	0	0	0	0	0	0	0	4.528545861	0	0	0	0	0	0	0	0	0	0
PWY-7374	418.7447204	214.1978273	245.3117433	228.0528201	0	0	0	0	0	0	112.0984364	148.0134357	120.3372434	18.5978836	20.08130081	6.25	0	0	0	17.52834869	13.46153846	0	0	0	0	0	0	0	252.283237	184.7133361
PWY-7376	312.837244	105.4663524	170.5699508	0	5293.712348	4042.646833	4667.811569	3872.833874	4517.962903	2647.224594	868.6712569	696.6922027	658.0853047	443.3701807	495.6836851	323.1572306	2675.858963	3044.276945	3613.781923	100.0494403	214.4184519	46.92713062	4656.262716	4083.586406	3361.882287	1444.571724	1819.658152	1258.246478	190.7257053	208.017702
PWY-7377	31.53748344	24.58403182	64.28103719	34.1087118	0	0	0	0	0	0	73.29400338	0	28.80595768	0	0	0	0	0	0	0	0	0	0	0	0	0	0	0	0	36.12236545
PWY-7392	2155.54428	1381.052092	1215.641113	1141.955459	2875.045571	1968.852437	2949.490388	3423.029081	4055.967271	2336.466525	2495.510326	2123.323966	1982.050639	1401.882116	1534.551068	1079.80071	293.3115541	1093.06898	1294.398302	977.6632754	1041.193605	617.7566507	1746.797163	1701.209185	183.6109307	388.9599072	450.7758748	248.7184822	1269.633421	950.1877223
PWY-7400	2862.981336	1644.388553	1539.521033	1417.286707	8199.736084	6197.591653	7368.8834	6694.315486	7822.371921	4510.67024	4033.541862	3398.273121	3276.24946	5272.089475	6266.504981	6032.306058	3519.351129	3963.855871	4786.520862	10533.62778	10868.34219	8925.332097	9125.000103	7721.436334	6960.343895	3572.571889	4406.276369	2868.490594	1701.424247	1271.990472
PWY-7431	733.8167981	382.6686074	447.192658	336.9961874	1970.582987	1552.419407	1762.84021	2152.234096	2453.908426	1483.363218	185.5724826	105.9806528	161.6221942	186.913388	249.6319018	0	165.9686259	397.4861802	473.8221293	64.59271398	97.6763997	70.55673226	479.5538413	441.9653542	34.56887105	192.7560308	226.2434225	154.0172304	258.0559132	273.9994132
PWY-7446	0	2.285714286	0	0	0	0	0	0	0	0	0	0	0	0	0	0	0	0	0	0	0	0	0	0	0	0	0	0	1.52	0
PWY-7456	245.0895162	254.8821982	293.7139109	0	0	0	0	0	0	0	1133.012062	1008.350917	896.930495	203.4515462	0	29.24905709	0	0	0	0	18.85538641	0	0	0	0	0	0	0	273.8540734	197.6883836
PWY-7527	0	0	26.43606838	0	0	0	0	0	0	21.52459906	0	0	0	0	14.75480819	0	0	0	0	0	0	0	0	0	0	0	0	0	0	0
PWY-7539	3421.076643	2086.762233	1822.177217	1737.052669	8137.419128	6148.942381	7358.68642	6992.977164	8198.30091	4709.384322	4887.713754	4099.531885	3947.946542	5946.301515	7091.640624	6860.705227	4285.794522	4760.735947	5710.494225	13022.17033	13462.24615	11091.27981	9927.505896	8409.171264	7713.577878	3874.041108	4787.084949	3079.628533	1949.336643	1533.724925
PWY-7560	3097.73211	1855.048529	1645.592136	1611.533636	5793.201874	4425.539131	5125.758232	4712.058718	5485.063068	3134.75309	2904.882593	2490.392883	2350.128639	2160.818968	2512.318595	1931.066842	3245.325658	3588.548983	4304.302087	9079.335581	9390.890838	7735.441864	7466.257707	6319.782056	5792.255502	2900.577492	3570.725066	2303.148509	1790.325353	1399.757373
PWY-7616	0	0	0	0	153.8724222	121.2836159	74.43292445	0	0	0	17.80956066	0	0	0	0	0	0	0	0	0	0	0	0	0	0	0	0	0	0	0
PWY-7663	5295.640762	3041.916354	2853.4788	2783.009558	15315.08047	11526.96554	13857.1251	12778.89847	14847.5559	8672.232827	8126.75633	6918.143375	6628.496003	9845.407917	11704.81005	11322.54737	8040.48402	8917.293775	10704.55386	19473.53198	20061.01861	16576.7732	18041.93287	15417.97708	13930.85421	7066.382106	8800.193267	5709.251589	3092.548291	2508.029055
PWY-7664	3685.404212	1955.860507	1916.804899	1886.095816	12502.37498	9330.06308	11476.68942	11250.5814	13122.13429	7650.744477	7348.056374	6249.59883	5977.011018	9666.756582	11441.87325	11091.77552	6177.552324	6804.361817	8195.015622	19068.00541	19704.49295	16338.13853	13195.45755	11225.67665	10225.19352	6218.482155	7728.910297	4976.15238	2184.813632	1644.351095
PWY-841	3606.00376	2191.746005	1928.722183	1844.127666	7385.177227	5527.577903	6733.443835	6695.392084	7871.108522	4528.868432	4625.027619	3918.30491	3727.193151	5182.637458	6159.426428	5910.136447	3696.449657	4112.442695	4934.431092	10489.92792	10792.58024	8858.435909	8440.144275	7152.160045	6517.711122	3267.937874	4029.834966	2596.716012	2095.765682	1649.626791
PWY-922	67.31859727	70.27656253	53.07337805	77.02282225	0	0	0	0	0	0	0	0	40.83481157	0	0	0	0	0	0	26.07046378	0	0	13.27849436	0	0	0	21.70128162	0	60.93803422	55.6822012
PWY0-1061	2516.838688	1485.941349	1249.063927	1236.392982	7377.821993	5562.347801	6667.048351	6423.860237	7537.04178	4322.81548	4906.561841	4102.074615	4050.628407	6806.06527	8128.099829	7818.930138	3770.911049	4165.869786	5009.571437	10796.80534	11287.76008	9245.688118	8649.592896	7349.249305	6728.295572	3630.658905	4500.122755	2899.479391	1450.767487	1040.06034
PWY0-1241	1198.485063	645.0666411	693.77547	602.7740002	4882.992578	3757.971871	4286.020892	3441.432718	3997.199702	2300.64332	1952.952219	1652.243134	1718.816979	4081.567562	4890.02292	4830.332534	2511.772301	2837.676421	3384.740559	7770.667901	7997.560542	6620.372512	4689.608599	4115.39465	3437.787959	2516.681743	3194.066252	2078.549151	729.8038382	549.6459065
PWY0-1261	2677.062428	1583.150263	1391.111542	1323.291445	4444.626367	3287.59904	4361.560849	4866.189222	5749.189172	3375.93663	3767.834112	3169.475636	3017.109709	2991.504037	3427.590856	2872.117982	1018.324589	854.4662591	1311.856341	9012.424067	9365.760375	7646.740864	7662.647245	6352.938463	6204.591341	2003.025485	2230.086319	1301.146128	1586.123591	1248.400663
PWY0-1277	0	11.53772298	63.05531425	0	0	0	0	0	0	0	0	0	0	0	0	0	51.64495425	50.32469829	60.23525397	0	0	0	0	0	0	0	0	0	12.30335113	0
PWY0-1296	546.5745003	321.4295631	158.9954929	253.8745474	941.0450427	650.6357551	976.125466	1303.977242	1541.108854	895.2944482	2027.652965	1772.394904	1746.97029	4267.981214	5200.658462	5127.617868	236.3788441	182.2298797	292.946188	10520.36432	11101.18781	9082.406338	3230.0448	2620.56189	2756.111421	2232.466018	2715.98359	1702.105056	346.2400428	308.2797204
PWY0-1297	797.1202665	474.0473908	398.5654093	365.7124438	1028.889854	727.551361	1056.031902	1386.16102	1635.749315	962.7147314	1992.959766	1734.057606	1713.056863	4301.826626	5235.218588	5175.402837	254.4061266	207.2970765	329.0343861	9430.102026	9965.348593	8179.135847	3265.503048	2648.82572	2788.575608	1969.365318	2386.421542	1491.412869	490.5160803	387.5556524
PWY0-1298	669.6296189	403.7923101	340.3827802	309.3965317	905.2783903	652.9046659	926.934094	1213.237435	1432.062115	857.0356089	1810.572555	1564.937248	1558.697166	4284.312699	5215.863923	5178.718004	220.2678405	170.091374	267.1604112	6738.868163	7078.641863	5844.958177	615.2704657	543.9964935	461.0896851	1211.101563	1419.495612	825.1854363	419.4265337	327.6149049
PWY0-1319	4324.486583	2528.130091	2255.846376	2161.538754	13249.012	10049.72681	11836.82335	10682.29545	12481.37899	7225.145748	5958.613933	5016.364535	4771.407602	6173.532848	7263.270595	6780.351958	7170.450365	8076.926077	9640.940096	12493.53055	12898.37873	10563.56829	14815.00806	12732.75319	11135.40347	4915.713887	6110.066273	4036.338863	2479.700131	1943.520917
PWY0-1338	0	2.962549801	0	0	0	0	0	0	0	0	1093.789732	906.7370943	1003.598568	3770.617552	4597.298531	4529.999118	79	163.5	255	0	0	0	166	169	0	0	0	0	1.659080646	0
PWY0-1415	245.3605057	200.8048571	202.3547091	183.2887666	153.8268468	121.197624	74.44769748	0	0	23.9159518	2244.259891	1900.102234	1925.873102	4701.365156	5649.731158	5560.149577	71.0757391	41.71395539	97.68683672	7620.945269	7944.53218	6431.655326	910.906885	751.3124658	651.6715642	248.958142	281.5578005	178.3167448	189.8488644	222.4745378
PWY0-1479	2329.122689	1337.093798	1091.06668	1108.1919	4229.826	3197.646907	3858.114442	4129.018001	4855.238121	2788.025037	2973.507782	2489.436829	2448.337131	4336.500939	5186.700791	5043.433011	1600.051442	1549.161039	1930.067138	8778.401676	9048.84112	7422.061908	1471.592358	1284.577915	1300.908976	1595.511364	1985.055423	1173.318216	1302.081651	1018.723257
PWY0-1533	716.1116326	230.3080438	218.316616	66.41903708	5453.841859	4152.377568	4885.940951	3936.91444	4531.666911	2622.640915	1023.284882	787.0588533	788.3440813	492.6814804	416.8979853	475.3034654	2980.602832	3253.934677	3910.226222	186.4492875	210.0192658	84.07091874	5177.567282	4473.0143	3929.996088	1328.294296	1653.275341	1164.961595	513.361607	382.3289706
PWY0-1586	3223.591642	1843.998502	1717.848863	1482.385571	6589.248801	5093.877273	5754.95126	5002.545983	6039.665388	3510.987566	3150.274367	2590.349276	2451.968555	5581.503127	6701.47367	6504.127097	3984.807969	4558.282589	5448.86761	11663.57753	12257.69253	10017.43798	9322.179784	7991.695536	7084.546367	3364.37838	4182.553687	2702.277467	1833.15906	1391.014763
PWY0-162	3735.723259	2273.634211	2010.876014	1902.418656	7851.479337	5880.379986	7170.223063	7139.739241	8391.474017	4819.378295	4907.987436	4149.886465	3948.582404	5517.773416	6552.294473	6298.096159	3978.328837	4433.008187	5312.353232	11504.4703	11848.74339	9744.221346	9028.270247	7661.893219	6971.48663	3505.686349	4333.483277	2791.329525	2177.745876	1707.181888
PWY0-166	2885.346803	1741.596117	1473.187349	1434.960384	6523.438899	4909.883713	5907.51468	5732.634938	6728.838613	3873.536183	3857.940146	3232.698235	3122.150085	4810.915442	5731.673178	5519.984982	3427.750702	3829.244043	4588.398111	5478.316777	5359.217823	4254.303051	7878.959615	6683.640933	6086.089935	2644.310405	3267.585907	2107.223817	1647.568591	1297.917907
PWY0-321	327.8669894	144.3818749	147.1299313	116.5749688	2085.986637	1573.355463	1843.299519	1870.53024	2294.666097	1420.611653	588.3883369	483.1917235	452.0295713	41.67305568	70.34873628	28.35488267	252.3453435	288.4505427	382.5571434	28.78679081	52.98807292	28.85892993	985.0563402	858.7399694	689.8111006	363.1712925	429.5981244	293.0275034	165.81051	207.1499216
PWY0-41	0	4.751662833	0	0	0	0	0	0	0	0	0	0	0	0	0	0	0	0	0	0	0	0	0	0	0	0	0	0	3.227978998	0
PWY0-42	480.9876803	289.4505705	249.5245475	159.2101036	1076.800946	1008.823666	946.9139513	1032.825566	1248.305251	657.5119954	1696.157369	1460.970544	1477.772231	4041.236705	4852.733296	4794.642292	914.8104543	1101.597136	1558.165391	8145.659252	8320.007024	6849.841179	4919.25128	4110.604095	3825.373145	1210.209077	1439.572286	776.4478388	255.7580985	169.9905522
PWY0-781	2007.392862	1384.014845	1090.083342	1085.540991	1521.866639	1076.327346	1167.217252	1638.736345	1804.822073	967.4365988	3508.320808	3010.735283	2912.801905	5263.533911	6278.480556	6079.738533	1137.620088	1693.846598	1973.024681	10648.87548	11034.98605	9156.387063	6696.813805	5580.991326	5357.834515	3197.526316	3907.399505	2470.780916	1206.311711	957.4560753
PWY0-845	264.7844048	84.0074731	45.08067641	78.8617506	821.2797909	640.3348596	585.7529853	339.7030602	528.9064303	387.8831618	2905.484546	2441.146092	2506.460224	5445.253319	6524.481346	6367.52361	850.6806858	930.12919	1380.043569	6661.538071	6937.236588	5597.707536	1447.414938	1330.217884	810.7160192	390.3015233	450.8843681	311.5775436	166.8219811	113.1209503
PWY0-862	3419.604625	1801.300357	1778.46381	1754.081538	11693.17624	8708.02504	10767.70504	10684.1128	12482.52081	7271.365506	7073.228542	6026.157513	5753.448952	9470.164568	11202.37122	10870.67657	5731.182553	6302.042786	7598.332053	18722.29411	19356.75861	16068.36823	12312.04577	10459.12576	9561.67316	5895.463334	7320.279033	4701.616631	2032.890274	1523.635177
PWY1G-0	296.4181026	285.7593151	164.9575338	180.2791519	64.05298013	49.13555992	31.6091954	0	0	0	49.73913043	24.68838527	49.44954128	9.935064935	0	0	0	0	0	0	0	0	0	0	0	0	0	0	168.6077739	110.1030928
PWY490-3	528.0133226	242.8677958	374.8004566	299.7360111	1292.581997	761.6785713	1406.395629	1987.871901	2477.151963	1395.56068	1234.040273	980.427075	948.2547387	509.6740417	510.7460881	457.5824555	40.4725264	64.43875253	43.47645174	35.21926925	25.7385864	10.49663669	13.49840836	0	0	0	0	0	332.223174	224.1717673
PWY4FS-7	3390.899924	2167.220304	1820.439565	1873.236321	9464.121945	7145.008911	8503.086836	7824.002148	9136.781439	5276.138811	5124.852863	4328.343489	4176.562064	6187.045798	7294.530206	6960.791629	5319.935977	5928.336817	7096.210783	11853.10753	12269.68436	10071.42632	11097.34756	9510.442199	8535.509088	3977.393274	4935.078074	3208.319981	1944.606781	1559.186553
PWY4FS-8	3390.899924	2167.220304	1820.439565	1873.236321	9464.121945	7145.008911	8503.086836	7824.002148	9136.781439	5276.138811	5124.852863	4328.343489	4176.562064	6187.045798	7294.530206	6960.791629	5319.935977	5928.336817	7096.210783	11853.10753	12269.68436	10071.42632	11097.34756	9510.442199	8535.509088	3977.393274	4935.078074	3208.319981	1944.606781	1559.186553
PWYG-321	3855.30352	2039.925388	1998.057326	1968.685903	14202.19107	10656.38109	12913.95479	12227.26247	14211.83986	8297.466118	7505.369915	6359.473146	6085.793467	9245.596401	10368.45068	10559.11326	7145.007251	7884.757878	9466.684454	12629.78795	14186.15773	10263.57364	14704.68903	11816.16062	10975.71225	6668.336986	8257.063911	5392.54874	2285.985081	1717.894815
PYRIDNUCSAL-PWY	1592.200512	1078.268672	804.2922975	788.6917648	5402.627262	4102.99556	4839.211652	4221.440015	4903.998567	2844.556117	2881.934644	2436.73801	2398.538403	4319.379506	5150.446911	5025.125436	2907.979896	3226.615126	3858.826919	4065.51947	4168.826549	3410.317079	6295.115644	5395.342262	4794.58559	1984.995991	2477.049376	1658.128467	894.8088525	818.0411105
PYRIDNUCSYN-PWY	2734.224915	1612.643872	1454.092317	1390.053786	5947.239965	4472.532807	5339.424187	5033.059558	5865.674944	3397.212436	2985.899798	2548.272018	2471.793057	4256.486466	5100.327461	4973.056979	2961.197632	3278.675728	3943.948802	8656.071549	8966.821466	7410.727613	7413.840875	6277.565344	5764.975862	2812.38037	3478.945764	2247.007359	1569.410811	1204.818016
PYRIDOXSYN-PWY	517.8678172	521.5077584	495.9346741	384.6433945	6093.045943	4580.763485	5530.57323	5286.95298	6197.555799	3559.945945	3621.290671	3053.322714	2934.93554	4516.700808	5368.332518	5194.375225	3219.491919	3573.099244	4290.832635	9318.530164	9628.651122	7972.629493	7430.232881	6305.48165	5784.307068	2891.445523	3573.113732	2297.103696	280.9033341	182.9043508
REDCITCYC	2950.909795	1889.09786	1679.499922	1488.003463	7726.792562	5624.852385	7173.441094	7905.305239	9370.807588	5416.507566	3991.880798	3219.117205	3093.962656	2136.829395	2308.534183	1839.559838	4042.261229	4405.073884	5521.274776	5438.826724	5549.387659	4648.143071	9902.439835	8389.829029	7652.335852	3733.526901	4678.826048	3085.962749	1517.385334	1365.494724
RHAMCAT-PWY	120.7578601	120.0167253	111.7713875	124.7133851	0	0	0	0	0	0	73.22931557	84.37747359	73.45600378	20.4024379	13.73019758	11.76848875	9.396014465	0	0	8.757180157	10.40134319	0	0	0	0	0	0	0	110.1409606	103.3107911
RIBOSYN2-PWY	3254.74159	1966.62664	1743.774996	1655.913597	6739.060748	5061.011394	6143.500455	6136.987646	7230.157643	4151.503521	4503.884028	3798.331071	3635.293243	5393.196724	6421.061716	6206.139821	3490.53081	3868.325073	4650.278349	10968.60999	11321.57435	9303.281787	8079.869184	6837.33568	6280.257971	3248.713621	4008.938406	2571.972432	1890.06704	1486.195211
RUMP-PWY	379.9472376	343.1824719	305.7299309	312.097684	563.6793294	423.7763763	533.9375047	377.3088402	384.8836314	146.1076349	90.72659788	0	0	0	0	0	0	0	0	47.86262225	71.70718396	44.8597278	17.96523059	0	0	0	0	0	290.483777	159.7516208
SALVADEHYPOX-PWY	2551.370731	1438.900709	1228.388537	1254.748258	10695.98395	7970.813279	9737.242024	9504.36834	11192.05611	6601.271019	4978.028361	3966.504128	4087.772693	9301.19418	11121.45347	10791.31099	4561.116834	5155.518629	6193.330096	16483.76665	17327.11476	13892.14203	9535.258108	8210.3032	6950.396658	3405.059926	4223.48539	2768.449724	1433.59436	1123.181014
SER-GLYSYN-PWY	3772.5207	2243.282905	2031.653361	1937.298472	12089.44615	9139.995887	10887.61709	9751.061912	11483.09668	6680.15536	5373.75017	4452.885378	4342.479956	5681.041409	6679.013791	6356.993709	6413.447986	7216.795402	8596.853233	11002.73731	11317.51871	9207.025845	12912.91421	11091.49402	9754.127585	4503.624602	5627.203839	3693.302977	2198.671871	1716.962019
SO4ASSIM-PWY	3405.125451	1927.12725	1820.082371	1694.395516	11762.64938	8965.24604	10504.75423	9288.57947	10763.93878	6224.843554	5120.188271	4301.024713	4112.19617	6041.221279	7205.997161	6949.994184	6154.830088	6844.194383	8131.376474	12892.89856	13387.86428	11110.50945	14419.7401	12302.05293	11177.67644	4945.584965	6142.472065	4005.976307	2074.013698	1665.196807
SUCSYN-PWY	304.695705	63.02299693	90.10918537	147.9268576	389.7161269	288.2007918	381.7690989	263.3717961	278.8373545	104.3666157	325.3545822	331.3759898	171.7781124	52.0689828	34.83845182	49.65952377	195.9850735	247.0446828	179.4363038	8753.634812	9116.212307	7419.614659	234.6973932	214.7613411	74.32271911	474.3380478	496.6396529	380.1557454	88.11595259	53.31665975
SULFATE-CYS-PWY	3771.023991	2155.214663	2002.093606	1893.296304	9938.271943	7466.312721	9042.891711	8678.390514	10188.50529	5867.030566	5313.574966	4467.974902	4276.594164	5997.663175	7108.623165	6845.38013	5055.413549	5605.38629	6712.341002	11398.2564	11860.98235	9767.56019	10896.34004	9286.22529	8407.495769	4155.443078	5140.422064	3321.835127	2228.432965	1750.99095
TCA	4318.668439	2582.973899	2254.595446	2148.615268	10896.36981	8203.449559	9853.328324	9460.591034	11132.94045	6425.332118	5477.999758	4633.42802	4406.496835	6123.251924	7290.789057	6965.192048	5388.991899	6068.87997	7282.484902	11788.21941	12257.41989	10057.88078	11537.21569	9886.393792	8720.264642	4091.404752	5107.933366	3348.468039	2528.279233	1960.994206
TCA-GLYOX-BYPASS	2973.719818	1729.636224	1469.300392	1358.79668	8919.425264	6782.373173	8004.650786	7487.616033	8780.526435	5100.097706	4311.243604	3624.846451	3454.518741	5351.72751	6387.30728	6121.993148	4489.180388	5058.275433	6081.814143	11376.05734	11796.7998	9682.459011	10423.10437	8896.724548	7932.201211	3630.922156	4538.200002	2984.571743	1720.282741	1353.073993
TEICHOICACID-PWY	0	0	0	0	0	0	0	0	0	0	0	0	0	0	0	0	0	0	0	0	0	0	0	0	0	0	0	0	0	45.68132587
THISYN-PWY	2405.086213	1442.175756	1377.050564	1252.309291	4702.638899	3214.678257	4607.966331	5222.978687	6223.019695	3536.389179	3964.729924	3350.810251	3244.440968	4731.20655	5623.304668	5399.3541	711.6106866	897.8895564	931.4168811	9990.728913	10370.54192	8450.811694	3023.855548	2653.916382	2321.20515	827.8904793	870.4235474	655.5044165	1430.529231	1068.182154
THRESYN-PWY	3623.382049	2182.245326	2009.472054	1860.57946	7537.368492	5563.548809	6973.626633	7074.925169	8365.670717	4807.538219	5608.206087	4849.521904	4602.854462	7289.621591	8583.548479	8435.005609	3645.443159	4019.985257	4823.601071	12930.25648	13294.18281	10941.98099	9092.498631	7678.042284	7134.379556	3892.438335	4817.502421	3088.852276	2132.710032	1657.796506
TRNA-CHARGING-PWY	3231.527352	1951.407183	1744.670575	1659.677873	7017.369154	5262.50532	6407.959774	6357.884229	7465.919711	4282.535441	4440.459679	3753.176792	3583.504322	5182.681686	6164.329088	5921.803957	3587.682796	4006.961317	4800.38663	10202.55509	10543.74589	8663.772824	8164.052103	6933.9801	6296.641481	3198.48254	3957.896435	2546.135932	1889.83539	1476.041021
TRPSYN-PWY	3533.337869	2150.744677	1937.195532	1827.620974	7210.175904	5410.653604	6598.29563	6588.632495	7750.077608	4439.994123	4542.287	3823.616859	3647.085869	5093.99362	6048.180555	5820.46788	3626.101304	4024.860034	4832.579504	10311.35361	10646.46219	8720.475512	8299.797828	7033.331331	6433.418348	3282.277055	4056.730813	2608.09582	2070.458877	1628.661308
TYRFUMCAT-PWY	1781.343669	898.0402189	757.8287942	737.7953719	7055.881036	5307.307142	6421.284445	6238.200559	7329.505007	4203.472648	3468.358786	2815.474794	2794.811419	4537.201472	5392.112568	5184.88088	3624.004131	4034.428074	4845.576497	6355.80404	6746.899986	5473.221283	7839.471724	6698.217858	5979.460038	2515.452674	3114.631522	2114.631313	961.653964	748.8148808
UBISYN-PWY	2514.463088	1311.156705	1121.511773	1073.701686	6705.946374	5049.81538	6037.276267	5709.35623	6711.013606	3875.738848	3490.250436	2948.559067	2849.79475	4827.40141	5758.793987	5570.755927	3571.504144	3958.015926	4768.114256	9762.399361	10065.35673	8288.376852	8331.218766	7079.564123	6444.648672	3172.02611	3917.589309	2516.412536	1371.752053	1070.446012
UDPNAGSYN-PWY	2445.78627	1423.020893	1159.055209	1190.220783	5951.534171	4516.224791	5302.507454	4911.781198	5752.428162	3324.66287	3163.671276	2679.209046	2586.238178	4387.345082	5230.721085	5048.127038	3262.731849	3624.90139	4348.993082	9661.06327	10015.44126	8228.039466	7498.971912	6351.013705	5797.553592	3080.922773	3808.305875	2447.292577	1367.653933	1104.886691
VALDEG-PWY	0	0	0	0	0	0	0	0	0	0	17.96172701	23.91726746	0	0	0	0	0	0	0	136.3247972	115.8305459	44.79211175	0	0	0	0	0	0	11.9546094	0
VALSYN-PWY	6043.67097	3512.064265	3117.649148	2827.225299	9100.437055	6753.527151	8353.280339	8549.142672	10138.19409	5858.146863	5966.461102	4947.158103	4744.91124	5864.968842	6957.412493	6692.049877	4366.951045	4750.026961	5753.632216	11745.20742	12028.75465	9760.981172	9476.390762	8030.349152	7284.401001	4180.73829	5156.399578	3331.888852	3571.907746	2735.940072
